,fold,population,householdsize,racepctblack,racePctWhite,racePctAsian,racePctHisp,agePct12t21,agePct12t29,agePct16t24,agePct65up,numbUrban,pctUrban,medIncome,pctWWage,pctWFarmSelf,pctWInvInc,pctWSocSec,pctWPubAsst,pctWRetire,medFamInc,perCapInc,whitePerCap,blackPerCap,indianPerCap,AsianPerCap,HispPerCap,NumUnderPov,PctPopUnderPov,PctLess9thGrade,PctNotHSGrad,PctBSorMore,PctUnemployed,PctEmploy,PctEmplManu,PctEmplProfServ,PctOccupManu,PctOccupMgmtProf,MalePctDivorce,MalePctNevMarr,FemalePctDiv,TotalPctDiv,PersPerFam,PctFam2Par,PctKids2Par,PctYoungKids2Par,PctTeen2Par,PctWorkMomYoungKids,PctWorkMom,NumIlleg,PctIlleg,NumImmig,PctImmigRecent,PctImmigRec5,PctImmigRec8,PctImmigRec10,PctRecentImmig,PctRecImmig5,PctRecImmig8,PctRecImmig10,PctSpeakEnglOnly,PctNotSpeakEnglWell,PctLargHouseFam,PctLargHouseOccup,PersPerOccupHous,PersPerOwnOccHous,PersPerRentOccHous,PctPersOwnOccup,PctPersDenseHous,PctHousLess3BR,MedNumBR,HousVacant,PctHousOccup,PctHousOwnOcc,PctVacantBoarded,PctVacMore6Mos,MedYrHousBuilt,PctHousNoPhone,PctWOFullPlumb,OwnOccLowQuart,OwnOccMedVal,OwnOccHiQuart,RentLowQ,RentMedian,RentHighQ,MedRent,MedRentPctHousInc,MedOwnCostPctInc,MedOwnCostPctIncNoMtg,NumInShelters,NumStreet,PctForeignBorn,PctBornSameState,PctSameHouse85,PctSameCity85,PctSameState85,LandArea,PopDens,PctUsePubTrans,LemasPctOfficDrugUn,ViolentCrimesPerPop
1795,10,0.12,0.32,0.04,0.8,0.61,0.04,0.34,0.47,0.29,0.33,0.14,1.0,0.53,0.72,0.27,0.71,0.3,0.12,0.43,0.59,0.64,0.66,0.37,0.29,0.37,0.56,0.04,0.13,0.06,0.07,0.75,0.13,0.69,0.38,0.37,0.15,0.68,0.45,0.44,0.58,0.54,0.36,0.72,0.76,0.76,0.68,0.36,0.48,0.01,0.09,0.08,0.58,0.53,0.57,0.58,0.54,0.43,0.42,0.4,0.78,0.18,0.17,0.15,0.35,0.45,0.25,0.54,0.11,0.46,0.5,0.09,0.84,0.49,0.03,0.08,0.67,0.05,0.1,0.47,0.5,0.57,0.54,0.51,0.59,0.52,0.54,0.33,0.18,0.01,0.03,0.39,0.33,0.41,0.56,0.42,0.07,0.27,0.38,0.63,0.09
1796,10,0.0,0.24,0.07,0.93,0.05,0.04,0.28,0.44,0.32,0.74,0.02,1.0,0.22,0.37,0.2,0.45,0.71,0.24,0.79,0.22,0.26,0.26,0.17,0.16,0.12,0.3,0.01,0.26,0.27,0.44,0.17,0.37,0.36,0.16,0.33,0.23,0.35,0.63,0.35,0.67,0.68,0.2,0.5,0.55,0.7,0.72,0.61,0.63,0.0,0.15,0.0,0.36,0.36,0.35,0.34,0.14,0.12,0.1,0.09,0.89,0.08,0.08,0.07,0.27,0.23,0.36,0.53,0.08,0.67,0.0,0.03,0.57,0.56,0.04,0.11,0.71,0.27,0.37,0.14,0.12,0.11,0.36,0.32,0.31,0.34,0.52,0.4,0.22,0.0,0.0,0.16,0.18,0.5,0.6,0.43,0.01,0.29,0.03,0.0,0.19
1797,10,0.01,0.47,0.03,0.95,0.04,0.02,0.4,0.46,0.32,0.49,0.0,0.0,0.37,0.52,0.23,0.41,0.56,0.27,0.63,0.36,0.34,0.33,0.31,0.07,0.24,0.27,0.01,0.17,0.13,0.21,0.35,0.38,0.46,0.18,0.47,0.22,0.43,0.34,0.46,0.42,0.4,0.46,0.72,0.76,0.84,0.64,0.56,0.54,0.0,0.13,0.0,0.13,0.18,0.2,0.21,0.03,0.03,0.03,0.03,0.92,0.07,0.19,0.18,0.46,0.43,0.5,0.56,0.04,0.4,0.5,0.16,0.0,0.58,0.06,0.33,0.48,0.06,0.19,0.39,0.38,0.38,0.47,0.52,0.59,0.52,0.57,0.62,0.64,0.0,0.0,0.08,0.68,0.51,0.46,0.56,0.12,0.03,0.08,0.0,0.16
1798,10,0.01,0.28,0.01,0.92,0.12,0.15,0.16,0.24,0.09,0.49,0.02,1.0,0.56,0.61,0.36,0.81,0.44,0.01,0.46,0.58,0.66,0.65,0.34,0.29,0.84,0.45,0.0,0.07,0.09,0.1,0.8,0.11,0.69,0.17,0.64,0.07,0.86,0.49,0.28,0.66,0.61,0.31,0.7,0.73,0.84,0.8,0.69,0.68,0.0,0.03,0.0,0.02,0.09,0.21,0.36,0.01,0.03,0.06,0.09,0.83,0.08,0.11,0.1,0.32,0.29,0.38,0.7,0.06,0.31,0.5,0.02,0.81,0.72,0.1,0.4,0.29,0.05,0.14,0.24,0.25,0.27,0.52,0.49,0.55,0.6,0.13,0.28,0.28,0.0,0.0,0.15,0.61,0.63,0.81,0.84,0.01,0.32,0.06,0.0,0.14
1799,10,0.05,0.4,0.04,0.84,0.24,0.16,0.89,1.0,1.0,0.24,0.06,1.0,0.12,0.57,0.41,0.39,0.25,0.46,0.28,0.21,0.18,0.19,0.21,0.13,0.12,0.26,0.11,0.86,0.17,0.23,0.51,0.61,0.36,0.16,0.61,0.23,0.41,0.37,1.0,0.57,0.49,0.37,0.36,0.45,0.52,0.34,0.49,0.52,0.02,0.29,0.02,0.58,0.62,0.64,0.68,0.28,0.26,0.24,0.23,0.83,0.12,0.24,0.15,0.33,0.36,0.38,0.12,0.22,0.65,0.0,0.04,0.82,0.15,0.09,0.27,0.67,0.19,0.13,0.24,0.24,0.23,0.3,0.34,0.4,0.33,1.0,0.59,0.22,0.04,0.13,0.2,0.66,0.06,0.13,0.75,0.06,0.15,0.07,0.0,0.19
1800,10,0.01,0.35,0.01,0.99,0.02,0.01,0.4,0.45,0.28,0.49,0.0,0.0,0.17,0.39,0.25,0.4,0.57,0.46,0.62,0.19,0.21,0.2,0.2,0.15,0.16,0.24,0.02,0.41,0.38,0.53,0.15,0.64,0.31,0.92,0.26,0.8,0.23,0.63,0.28,0.62,0.65,0.42,0.56,0.61,0.65,0.66,0.58,0.46,0.01,0.23,0.0,0.0,0.38,0.51,0.43,0.0,0.02,0.02,0.02,0.97,0.03,0.16,0.15,0.38,0.38,0.38,0.57,0.08,0.45,0.5,0.01,0.79,0.57,0.24,0.56,0.27,0.77,0.2,0.05,0.04,0.05,0.09,0.11,0.1,0.14,0.44,0.11,0.31,0.0,0.0,0.02,0.86,0.65,0.85,0.86,0.02,0.18,0.0,0.0,0.07
1801,10,0.08,0.32,0.69,0.45,0.05,0.02,0.47,0.57,0.44,0.52,0.09,1.0,0.2,0.49,0.17,0.39,0.56,0.4,0.32,0.25,0.33,0.46,0.18,0.1,0.19,0.34,0.09,0.47,0.38,0.47,0.47,0.34,0.49,0.4,0.57,0.44,0.48,0.67,0.6,0.63,0.68,0.4,0.24,0.25,0.29,0.21,0.58,0.61,0.09,0.74,0.01,0.56,0.53,0.57,0.57,0.08,0.07,0.06,0.06,0.95,0.03,0.23,0.17,0.26,0.29,0.29,0.33,0.13,0.65,0.0,0.12,0.64,0.34,0.55,0.37,0.4,0.54,0.42,0.11,0.13,0.17,0.08,0.19,0.25,0.22,0.34,0.35,0.35,0.07,0.0,0.05,0.65,0.46,0.62,0.5,0.07,0.19,0.13,1.0,0.72
1802,10,0.0,0.55,0.03,0.95,0.08,0.03,0.34,0.41,0.2,0.27,0.02,0.87,0.44,0.77,0.42,0.63,0.33,0.27,0.44,0.41,0.34,0.33,0.21,0.45,0.23,0.23,0.01,0.19,0.27,0.36,0.32,0.09,0.74,0.73,0.34,0.56,0.42,0.3,0.22,0.32,0.32,0.51,0.76,0.77,0.79,0.73,0.46,0.5,0.01,0.26,0.0,0.19,0.46,0.42,0.41,0.03,0.06,0.05,0.04,0.93,0.02,0.15,0.17,0.58,0.57,0.53,0.78,0.04,0.28,0.5,0.0,0.92,0.78,0.12,0.36,0.81,0.12,0.21,0.21,0.2,0.2,0.2,0.28,0.32,0.32,0.49,0.47,0.11,0.0,0.0,0.06,0.85,0.49,0.75,0.77,0.05,0.06,0.02,0.0,0.07
1803,10,0.02,0.28,0.1,0.91,0.02,0.01,0.4,0.39,0.26,0.69,0.0,0.0,0.07,0.02,0.08,0.34,0.79,0.96,0.6,0.11,0.18,0.17,0.23,0.08,0.74,0.35,0.06,0.75,0.58,0.63,0.17,0.79,0.04,0.26,0.59,0.4,0.38,0.66,0.3,0.69,0.72,0.38,0.37,0.41,0.32,0.45,0.02,0.0,0.01,0.24,0.0,0.07,0.22,0.18,0.3,0.0,0.01,0.01,0.01,0.98,0.03,0.18,0.15,0.28,0.26,0.35,0.45,0.06,0.55,0.0,0.06,0.58,0.47,0.3,0.7,0.0,0.81,0.3,0.02,0.02,0.03,0.05,0.1,0.11,0.09,0.69,0.18,0.43,0.0,0.0,0.02,0.8,0.55,0.81,0.79,0.03,0.18,0.0,0.0,0.27
1804,10,0.0,0.36,0.01,0.98,0.05,0.01,0.28,0.4,0.21,0.47,0.0,0.0,0.4,0.6,0.01,0.6,0.49,0.11,0.48,0.42,0.46,0.44,0.22,0.25,0.18,0.61,0.01,0.12,0.22,0.22,0.52,0.35,0.6,0.35,0.68,0.28,0.63,0.43,0.3,0.47,0.47,0.4,0.71,0.75,0.82,0.48,0.63,0.76,0.0,0.06,0.0,0.18,0.27,0.22,0.19,0.03,0.04,0.03,0.02,0.94,0.02,0.1,0.1,0.37,0.46,0.22,0.68,0.05,0.58,0.0,0.02,0.73,0.62,0.04,0.38,0.52,0.14,0.06,0.39,0.38,0.39,0.48,0.51,0.59,0.51,0.57,0.72,0.68,0.0,0.0,0.07,0.29,0.47,0.5,0.27,0.05,0.05,0.02,0.0,0.03
1805,10,0.03,0.31,0.02,0.96,0.03,0.05,0.42,0.43,0.29,0.54,0.0,0.0,0.21,0.44,0.48,0.54,0.66,0.3,0.48,0.26,0.24,0.23,0.16,0.0,0.07,0.34,0.02,0.25,0.26,0.34,0.25,0.21,0.51,0.44,0.53,0.53,0.33,0.41,0.33,0.43,0.44,0.37,0.64,0.69,0.68,0.7,0.84,0.83,0.01,0.16,0.0,0.36,0.26,0.22,0.22,0.03,0.02,0.01,0.01,0.95,0.03,0.07,0.07,0.3,0.37,0.19,0.64,0.04,0.54,0.5,0.03,0.81,0.59,0.15,0.44,0.27,0.26,0.06,0.06,0.05,0.06,0.14,0.17,0.18,0.16,0.42,0.17,0.39,0.02,0.0,0.03,0.8,0.61,0.72,0.8,0.07,0.09,0.06,0.0,0.45
1806,10,0.03,0.37,0.04,0.83,0.46,0.05,0.37,0.55,0.35,0.29,0.05,1.0,0.31,0.71,0.11,0.46,0.33,0.3,0.37,0.32,0.3,0.29,0.55,0.21,0.25,0.41,0.02,0.24,0.13,0.22,0.29,0.25,0.66,0.35,0.36,0.37,0.32,0.7,0.48,0.79,0.78,0.44,0.54,0.6,0.66,0.44,0.41,0.53,0.01,0.2,0.02,0.55,0.57,0.59,0.67,0.41,0.38,0.35,0.36,0.81,0.18,0.23,0.19,0.4,0.48,0.37,0.39,0.22,0.62,0.0,0.03,0.84,0.37,0.08,0.07,0.65,0.16,0.03,0.29,0.29,0.27,0.46,0.42,0.45,0.42,0.6,0.41,0.19,0.0,0.0,0.31,0.47,0.28,0.32,0.51,0.02,0.34,0.36,0.0,0.15
1807,10,0.01,0.68,0.01,0.99,0.02,0.01,0.44,0.46,0.29,0.21,0.01,0.43,0.58,0.78,0.21,0.5,0.36,0.24,0.41,0.55,0.39,0.37,0.49,0.76,0.34,0.29,0.0,0.09,0.08,0.2,0.34,0.46,0.71,0.25,0.38,0.25,0.41,0.25,0.39,0.3,0.29,0.72,0.87,0.88,0.94,0.69,0.57,0.58,0.0,0.06,0.0,0.07,0.1,0.08,0.09,0.01,0.02,0.01,0.01,0.94,0.01,0.35,0.37,0.73,0.76,0.26,0.94,0.05,0.23,0.5,0.01,0.84,0.9,0.28,0.62,0.58,0.04,0.01,0.42,0.4,0.39,0.1,0.39,0.64,0.37,0.49,0.63,0.49,0.0,0.0,0.07,0.91,0.81,0.81,0.92,0.06,0.05,0.1,0.0,0.13
1808,10,0.05,0.32,0.94,0.22,0.13,0.02,0.37,0.47,0.31,0.43,0.06,1.0,0.34,0.58,0.18,0.56,0.45,0.27,0.4,0.37,0.42,0.61,0.3,0.18,0.19,0.46,0.05,0.33,0.18,0.27,0.67,0.4,0.57,0.29,0.9,0.25,0.74,0.46,0.56,0.64,0.59,0.43,0.38,0.38,0.66,0.35,0.67,0.78,0.05,0.63,0.02,0.53,0.52,0.57,0.53,0.23,0.2,0.2,0.17,0.88,0.05,0.24,0.19,0.34,0.46,0.23,0.56,0.09,0.57,0.0,0.06,0.75,0.5,0.42,0.42,0.19,0.1,0.49,0.12,0.15,0.24,0.35,0.34,0.36,0.37,0.51,0.32,0.26,0.01,0.0,0.18,0.6,0.65,0.54,0.66,0.01,0.57,0.27,0.0,0.26
1809,10,0.0,0.46,0.04,0.92,0.03,0.07,0.42,0.42,0.26,0.4,0.0,0.0,0.24,0.57,1.0,0.4,0.44,0.22,0.67,0.24,0.22,0.22,0.14,0.08,0.01,0.25,0.01,0.36,0.29,0.4,0.2,0.52,0.46,0.63,0.4,0.69,0.34,0.48,0.19,0.42,0.46,0.45,0.73,0.68,0.63,0.7,0.61,0.63,0.0,0.16,0.0,0.0,0.0,0.07,0.06,0.0,0.0,0.01,0.01,0.94,0.0,0.19,0.21,0.49,0.46,0.56,0.7,0.15,0.37,0.5,0.02,0.6,0.72,0.21,0.81,0.58,0.45,0.22,0.06,0.06,0.07,0.11,0.15,0.19,0.19,0.43,0.2,0.35,0.0,0.0,0.05,0.55,0.6,0.68,0.67,0.03,0.09,0.0,0.0,0.06
1810,10,0.05,0.77,0.58,0.35,0.24,0.36,1.0,1.0,1.0,0.28,0.07,1.0,0.27,0.57,0.24,0.36,0.44,0.49,0.32,0.28,0.21,0.25,0.25,0.21,0.22,0.27,0.07,0.58,0.55,0.6,0.37,0.59,0.41,0.35,0.65,0.43,0.35,0.36,1.0,0.34,0.36,0.58,0.14,0.13,0.25,0.0,0.65,0.64,0.06,1.0,0.05,0.58,0.66,0.72,0.76,0.68,0.68,0.68,0.65,0.52,0.45,0.59,0.48,0.51,0.48,0.56,0.1,0.48,0.74,0.0,0.04,0.76,0.14,0.57,0.38,0.21,0.54,0.97,0.29,0.3,0.29,0.47,0.54,0.66,0.55,0.7,0.88,1.0,0.06,0.04,0.5,0.49,0.32,0.3,0.52,0.01,0.67,0.69,0.5,0.62
1811,10,0.04,0.34,0.12,0.9,0.01,0.01,0.38,0.45,0.29,0.54,0.06,1.0,0.2,0.46,0.15,0.43,0.58,0.43,0.58,0.2,0.23,0.22,0.18,0.16,0.3,0.24,0.05,0.4,0.47,0.55,0.19,0.44,0.42,0.49,0.42,0.57,0.33,0.71,0.34,0.75,0.77,0.37,0.41,0.42,0.49,0.35,0.56,0.58,0.02,0.24,0.0,0.19,0.41,0.49,0.45,0.01,0.02,0.03,0.02,0.97,0.02,0.14,0.13,0.35,0.38,0.35,0.51,0.09,0.6,0.0,0.05,0.78,0.5,0.1,0.44,0.33,0.5,0.13,0.07,0.06,0.07,0.12,0.18,0.22,0.19,0.44,0.19,0.35,0.01,0.0,0.02,0.62,0.58,0.68,0.7,0.04,0.23,0.07,0.0,0.53
1812,10,0.02,0.35,0.06,0.85,0.3,0.17,0.27,0.48,0.26,0.56,0.04,1.0,0.36,0.57,0.18,0.51,0.57,0.17,0.45,0.4,0.36,0.34,0.47,0.0,0.35,0.36,0.01,0.15,0.59,0.59,0.23,0.45,0.51,0.53,0.15,0.47,0.32,0.43,0.46,0.44,0.45,0.46,0.64,0.65,0.71,0.56,0.27,0.32,0.01,0.16,0.03,0.26,0.4,0.48,0.53,0.36,0.49,0.53,0.54,0.47,0.3,0.24,0.21,0.38,0.51,0.35,0.32,0.2,0.75,0.0,0.03,0.8,0.29,0.21,0.49,0.33,0.13,0.04,0.48,0.45,0.41,0.58,0.59,0.62,0.58,0.59,0.73,1.0,0.0,0.0,0.59,0.6,0.72,0.78,0.76,0.0,0.83,0.34,0.0,0.09
1813,10,0.02,0.6,0.15,0.45,0.02,0.82,0.49,0.53,0.34,0.3,0.0,0.0,0.23,0.6,0.66,0.33,0.38,0.31,0.24,0.24,0.17,0.25,0.16,0.48,0.18,0.22,0.04,0.57,0.81,0.73,0.13,0.38,0.56,0.34,0.41,0.53,0.18,0.56,0.37,0.56,0.58,0.71,0.57,0.54,0.62,0.57,0.69,0.66,0.01,0.17,0.01,0.3,0.35,0.42,0.58,0.2,0.21,0.23,0.28,0.32,0.5,0.54,0.53,0.65,0.6,0.71,0.41,0.63,0.59,0.0,0.03,0.66,0.45,0.4,0.79,0.69,0.77,0.38,0.08,0.08,0.08,0.19,0.2,0.21,0.23,0.4,0.28,0.53,0.0,0.0,0.28,0.8,0.53,0.76,0.85,0.03,0.15,0.0,0.0,0.49
1814,10,0.01,0.65,0.15,0.84,0.12,0.02,1.0,1.0,1.0,0.25,0.0,0.0,0.13,0.65,0.83,0.53,0.33,0.27,0.38,0.22,0.15,0.15,0.13,0.08,0.36,0.18,0.03,0.69,0.24,0.26,0.57,0.53,0.3,0.16,0.82,0.23,0.46,0.18,1.0,0.21,0.2,0.31,0.6,0.64,0.72,0.56,0.43,0.54,0.0,0.21,0.0,0.89,0.87,0.8,0.74,0.2,0.17,0.14,0.12,0.92,0.02,0.09,0.07,0.27,0.37,0.25,0.3,0.07,0.65,0.0,0.02,0.66,0.28,0.08,0.32,0.58,0.3,0.09,0.1,0.11,0.11,0.16,0.21,0.22,0.2,0.86,0.29,0.11,0.0,0.0,0.09,0.63,0.09,0.0,0.51,0.02,0.15,0.01,0.0,0.09
1815,10,0.03,0.59,0.68,0.25,0.03,0.43,0.53,0.59,0.42,0.33,0.04,1.0,0.18,0.39,0.06,0.23,0.47,0.64,0.41,0.18,0.16,0.22,0.22,0.07,0.23,0.23,0.06,0.7,0.64,0.75,0.17,0.81,0.37,0.54,0.51,0.68,0.25,0.64,0.69,0.64,0.67,0.72,0.11,0.14,0.0,0.23,0.34,0.36,0.08,1.0,0.02,0.67,0.69,0.75,0.74,0.57,0.52,0.51,0.46,0.57,0.36,0.69,0.58,0.59,0.54,0.64,0.14,0.44,0.64,0.0,0.05,0.59,0.18,1.0,0.63,0.0,1.0,0.49,0.23,0.23,0.22,0.38,0.4,0.44,0.42,0.89,0.74,0.97,0.09,0.02,0.36,0.67,0.5,0.74,0.73,0.01,0.58,0.22,0.0,0.64
1816,10,0.01,0.54,0.01,0.96,0.12,0.03,0.3,0.29,0.19,0.42,0.03,1.0,1.0,0.72,0.42,0.92,0.38,0.06,0.47,1.0,1.0,1.0,0.36,0.43,0.8,1.0,0.0,0.03,0.06,0.08,0.98,0.15,0.54,0.3,0.35,0.06,0.86,0.14,0.29,0.2,0.18,0.5,0.94,0.95,0.95,0.84,0.0,0.0,0.0,0.03,0.01,0.42,0.39,0.42,0.44,0.32,0.26,0.26,0.25,0.84,0.07,0.17,0.19,0.58,0.57,0.46,0.87,0.02,0.1,1.0,0.01,0.87,0.86,0.12,0.45,0.23,0.01,0.19,1.0,1.0,1.0,0.91,1.0,1.0,1.0,0.34,0.5,0.26,0.01,0.0,0.32,0.27,0.75,0.69,0.46,0.04,0.12,1.0,0.0,0.01
1817,10,0.07,0.29,0.66,0.47,0.03,0.01,0.55,0.58,0.49,0.53,0.09,1.0,0.15,0.44,0.22,0.33,0.56,0.51,0.45,0.2,0.24,0.32,0.17,0.14,0.44,0.24,0.11,0.59,0.33,0.46,0.32,0.38,0.41,0.31,0.42,0.42,0.37,0.58,0.62,0.7,0.68,0.34,0.19,0.22,0.25,0.23,0.56,0.59,0.08,0.69,0.01,0.27,0.29,0.35,0.37,0.03,0.03,0.03,0.03,0.95,0.03,0.18,0.14,0.27,0.29,0.3,0.33,0.11,0.6,0.0,0.15,0.54,0.34,0.2,0.43,0.48,0.39,0.1,0.09,0.11,0.14,0.17,0.22,0.24,0.25,0.59,0.46,0.53,0.05,0.02,0.05,0.65,0.44,0.53,0.61,0.08,0.16,0.18,0.46,0.5
1818,10,0.0,0.57,0.02,0.97,0.03,0.01,0.36,0.4,0.24,0.3,0.02,0.79,0.65,0.76,0.48,0.73,0.37,0.14,0.5,0.58,0.49,0.47,0.66,0.24,0.61,0.6,0.0,0.04,0.13,0.25,0.4,0.12,0.74,0.41,0.49,0.26,0.51,0.23,0.33,0.21,0.22,0.56,0.88,0.89,1.0,0.81,0.52,0.47,0.0,0.04,0.0,0.05,0.04,0.03,0.05,0.01,0.01,0.0,0.01,0.9,0.04,0.2,0.23,0.63,0.63,0.38,0.91,0.04,0.28,0.5,0.0,0.92,0.88,0.12,0.61,0.52,0.02,0.28,0.5,0.47,0.45,0.55,0.64,0.79,0.71,0.62,0.52,0.51,0.0,0.0,0.09,0.82,0.88,0.9,0.83,0.07,0.04,0.01,0.0,0.02
1819,10,0.05,0.52,0.02,0.66,0.19,0.48,0.4,0.48,0.28,0.34,0.0,0.0,0.33,0.57,0.55,0.41,0.39,0.5,0.4,0.34,0.3,0.33,0.21,0.22,0.23,0.33,0.03,0.24,0.37,0.41,0.26,0.51,0.55,0.24,0.49,0.45,0.33,0.56,0.35,0.64,0.63,0.54,0.58,0.59,0.63,0.62,0.61,0.68,0.02,0.21,0.03,0.31,0.36,0.41,0.44,0.23,0.24,0.24,0.24,0.62,0.35,0.34,0.32,0.54,0.54,0.55,0.46,0.45,0.52,0.5,0.03,0.85,0.48,0.15,0.28,0.69,0.24,0.21,0.31,0.31,0.31,0.38,0.38,0.41,0.36,0.48,0.49,0.18,0.03,0.01,0.31,0.61,0.41,0.61,0.74,0.02,0.36,0.03,0.0,0.24
1820,10,0.01,0.33,0.07,0.84,0.32,0.05,0.28,0.5,0.28,0.47,0.03,1.0,0.34,0.69,0.0,0.54,0.35,0.23,0.54,0.36,0.4,0.4,0.3,0.21,0.23,0.43,0.01,0.18,0.13,0.22,0.31,0.23,0.54,0.52,0.19,0.39,0.35,0.76,0.48,0.73,0.78,0.28,0.41,0.49,0.45,0.3,0.42,0.67,0.01,0.34,0.01,0.31,0.37,0.45,0.45,0.13,0.13,0.15,0.14,0.87,0.08,0.16,0.13,0.27,0.33,0.27,0.35,0.19,0.69,0.0,0.02,0.81,0.34,0.04,0.1,0.75,0.14,0.23,0.25,0.25,0.25,0.44,0.4,0.44,0.39,0.4,0.34,0.11,0.0,0.0,0.17,0.45,0.25,0.59,0.55,0.01,0.42,0.26,0.0,0.23
1821,10,0.02,0.26,0.18,0.48,1.0,0.12,0.18,0.3,0.18,0.75,0.04,1.0,0.46,0.38,0.28,0.75,0.6,0.26,0.88,0.5,0.57,0.63,0.41,0.17,0.42,0.54,0.01,0.12,0.12,0.16,0.76,0.18,0.44,0.18,0.9,0.13,0.85,0.45,0.45,0.55,0.53,0.26,0.62,0.65,0.8,0.54,0.63,0.65,0.01,0.15,0.03,0.36,0.39,0.49,0.53,0.5,0.47,0.54,0.54,0.56,0.28,0.13,0.11,0.28,0.3,0.29,0.56,0.16,0.55,0.0,0.02,0.87,0.55,0.06,0.39,0.31,0.05,0.09,0.66,0.68,0.69,0.67,0.63,0.79,0.62,0.59,0.44,0.15,0.04,0.03,0.59,0.42,0.66,0.49,0.69,0.01,0.53,1.0,0.0,0.38
1822,10,0.06,0.59,1.0,0.08,0.02,0.01,0.55,0.51,0.33,0.38,0.0,0.0,0.11,0.39,0.19,0.17,0.55,0.91,0.3,0.14,0.13,0.31,0.14,0.04,0.27,0.18,0.13,0.85,0.64,0.68,0.24,0.87,0.28,0.45,0.46,0.56,0.34,0.63,0.54,0.63,0.66,0.74,0.19,0.12,0.19,0.18,0.65,0.64,0.12,1.0,0.0,0.46,0.57,0.63,0.54,0.02,0.02,0.02,0.02,0.97,0.01,0.64,0.59,0.63,0.58,0.69,0.46,0.45,0.49,0.5,0.06,0.72,0.49,0.93,0.46,0.54,0.66,0.48,0.05,0.05,0.06,0.05,0.11,0.14,0.17,0.84,0.44,0.68,0.0,0.0,0.01,0.9,0.68,0.85,0.82,0.07,0.14,0.01,0.0,0.23
1823,10,0.0,0.34,0.14,0.88,0.03,0.01,0.43,0.45,0.3,0.63,0.0,0.0,0.15,0.33,0.72,0.45,0.69,0.31,0.33,0.19,0.18,0.18,0.16,0.25,0.14,0.22,0.02,0.48,0.51,0.55,0.21,0.56,0.34,0.36,0.51,0.54,0.32,0.52,0.28,0.49,0.52,0.4,0.56,0.57,0.53,0.59,0.78,0.72,0.01,0.2,0.0,0.29,0.42,0.34,0.29,0.01,0.02,0.01,0.01,0.98,0.03,0.17,0.15,0.33,0.34,0.32,0.6,0.08,0.62,0.0,0.03,0.56,0.59,0.05,0.68,0.31,0.63,0.33,0.01,0.02,0.04,0.05,0.08,0.07,0.11,0.43,0.25,0.46,0.0,0.0,0.02,0.79,0.53,0.63,0.68,0.03,0.11,0.03,0.0,0.41
1824,10,0.02,0.32,0.01,0.98,0.05,0.01,0.23,0.3,0.17,0.47,0.03,1.0,0.69,0.6,0.32,0.75,0.42,0.11,0.46,0.75,0.88,0.85,0.74,0.0,0.27,0.78,0.01,0.07,0.04,0.04,0.88,0.16,0.66,0.28,0.6,0.07,0.83,0.34,0.36,0.4,0.39,0.35,0.82,0.86,0.88,0.66,0.38,0.48,0.0,0.02,0.01,0.23,0.19,0.24,0.31,0.08,0.06,0.07,0.08,0.92,0.01,0.06,0.07,0.35,0.43,0.17,0.73,0.01,0.36,0.5,0.03,0.78,0.67,0.06,0.55,0.06,0.03,0.13,0.68,0.69,0.78,0.62,0.69,0.89,0.7,0.4,0.47,0.53,0.01,0.0,0.15,0.67,0.8,0.8,0.74,0.01,0.37,0.38,0.0,0.05
1825,10,0.21,0.33,0.05,0.94,0.05,0.02,0.59,0.64,0.57,0.48,0.22,1.0,0.16,0.5,0.33,0.46,0.53,0.34,0.41,0.2,0.23,0.22,0.19,0.18,0.25,0.29,0.21,0.47,0.3,0.39,0.32,0.34,0.44,0.31,0.51,0.42,0.34,0.61,0.5,0.6,0.63,0.33,0.57,0.6,0.63,0.58,0.56,0.57,0.03,0.13,0.01,0.5,0.53,0.54,0.55,0.05,0.05,0.05,0.04,0.96,0.04,0.13,0.11,0.28,0.3,0.29,0.45,0.1,0.59,0.0,0.27,0.67,0.45,0.16,0.31,0.56,0.37,0.18,0.08,0.08,0.09,0.18,0.19,0.2,0.18,0.49,0.2,0.22,0.19,0.01,0.04,0.66,0.38,0.5,0.59,0.2,0.17,0.05,0.0,0.18
1826,10,0.0,0.45,0.01,0.96,0.09,0.05,0.3,0.41,0.23,0.45,0.02,1.0,0.61,0.73,0.21,0.67,0.47,0.16,0.57,0.59,0.49,0.47,0.32,0.0,0.62,0.59,0.0,0.04,0.24,0.34,0.37,0.18,0.66,0.54,0.3,0.4,0.48,0.31,0.37,0.37,0.36,0.51,0.78,0.8,0.9,0.75,0.45,0.49,0.0,0.07,0.01,0.26,0.24,0.22,0.28,0.14,0.12,0.1,0.11,0.8,0.09,0.22,0.22,0.5,0.57,0.25,0.77,0.04,0.42,0.5,0.0,0.91,0.71,0.06,0.65,0.38,0.01,0.0,0.5,0.46,0.4,0.68,0.7,0.8,0.73,0.66,0.67,0.65,0.0,0.0,0.23,0.72,0.77,0.79,0.87,0.01,0.3,0.18,0.0,0.02
1827,10,0.05,0.35,0.06,0.93,0.07,0.01,0.33,0.46,0.26,0.31,0.06,1.0,0.55,0.78,0.28,0.72,0.29,0.04,0.4,0.58,0.58,0.57,0.41,0.05,0.36,0.83,0.01,0.07,0.03,0.07,0.75,0.09,0.7,0.16,0.55,0.07,0.78,0.31,0.27,0.44,0.4,0.38,0.82,0.86,0.89,0.79,0.59,0.56,0.0,0.04,0.01,0.18,0.29,0.34,0.4,0.03,0.04,0.05,0.05,0.94,0.04,0.08,0.09,0.38,0.52,0.21,0.6,0.03,0.4,0.5,0.05,0.78,0.52,0.04,0.19,0.77,0.02,0.04,0.26,0.26,0.26,0.38,0.35,0.37,0.37,0.1,0.18,0.18,0.0,0.0,0.07,0.58,0.4,0.45,0.5,0.07,0.14,0.0,0.0,0.09
1828,10,0.16,0.48,0.04,0.67,1.0,0.11,0.53,0.59,0.44,0.15,0.17,1.0,0.74,0.81,0.17,0.66,0.13,0.1,0.15,0.75,0.69,0.76,0.39,0.28,0.38,0.62,0.06,0.16,0.04,0.05,0.87,0.16,0.73,0.38,0.55,0.08,0.83,0.37,0.54,0.55,0.49,0.49,0.75,0.8,0.85,0.65,0.4,0.44,0.01,0.08,0.16,0.37,0.45,0.55,0.6,0.58,0.62,0.69,0.69,0.56,0.22,0.18,0.17,0.51,0.53,0.47,0.55,0.22,0.53,0.5,0.1,0.83,0.55,0.01,0.14,0.85,0.01,0.09,0.76,0.81,0.83,1.0,0.96,1.0,0.91,0.66,0.79,0.31,0.01,0.0,0.66,0.35,0.26,0.4,0.45,0.12,0.22,0.03,0.0,0.05
1829,10,0.02,0.87,0.09,0.79,0.25,0.15,0.7,0.69,0.51,0.15,0.03,1.0,0.25,0.75,0.44,0.39,0.21,0.29,0.57,0.22,0.12,0.12,0.15,0.03,0.15,0.24,0.03,0.46,0.12,0.21,0.18,0.4,0.48,0.4,0.15,0.53,0.28,0.42,0.51,0.48,0.46,0.85,0.7,0.71,0.71,0.62,0.45,0.46,0.01,0.21,0.01,0.6,0.57,0.59,0.69,0.19,0.16,0.15,0.16,0.82,0.1,0.71,0.72,0.81,0.84,0.76,0.44,0.3,0.42,0.5,0.02,0.8,0.44,0.11,0.35,0.69,0.31,0.11,0.13,0.1,0.08,0.22,0.24,0.28,0.23,0.26,0.51,0.25,0.0,0.0,0.13,0.48,0.36,0.26,0.12,0.02,0.24,0.04,0.0,0.07
1830,10,0.0,0.61,0.05,0.6,0.07,0.63,0.52,0.51,0.3,0.33,0.0,0.0,0.24,0.6,0.62,0.3,0.44,0.29,0.42,0.23,0.18,0.21,0.28,0.2,0.17,0.2,0.01,0.42,0.63,0.68,0.14,0.45,0.39,0.22,0.34,0.64,0.31,0.36,0.22,0.4,0.39,0.68,0.77,0.73,0.74,0.74,0.31,0.2,0.0,0.09,0.01,0.18,0.2,0.31,0.52,0.16,0.15,0.22,0.33,0.45,0.44,0.48,0.49,0.66,0.63,0.66,0.69,0.44,0.42,0.5,0.02,0.55,0.7,0.14,0.77,0.52,0.66,0.7,0.04,0.03,0.04,0.13,0.15,0.17,0.15,0.18,0.18,0.21,0.0,0.0,0.37,0.68,0.51,0.74,0.86,0.01,0.19,0.0,0.0,0.07
1831,10,0.01,0.34,0.43,0.64,0.02,0.07,0.53,0.52,0.46,0.8,0.0,0.0,0.14,0.16,0.39,0.46,0.86,0.29,0.76,0.17,0.19,0.22,0.15,0.1,0.15,0.26,0.03,0.54,0.3,0.47,0.29,0.48,0.15,0.25,0.67,0.47,0.45,0.61,0.53,0.61,0.64,0.34,0.23,0.24,0.27,0.28,0.68,0.57,0.02,0.51,0.0,0.34,0.34,0.33,0.36,0.1,0.09,0.08,0.08,0.9,0.09,0.29,0.21,0.24,0.23,0.29,0.4,0.16,0.72,0.0,0.05,0.44,0.42,0.09,0.51,0.58,0.67,0.36,0.08,0.07,0.08,0.22,0.26,0.28,0.25,0.6,0.48,0.24,0.01,0.0,0.12,0.31,0.35,0.48,0.51,0.03,0.14,0.02,0.0,0.81
1832,10,0.0,0.64,0.02,0.89,0.38,0.04,0.39,0.39,0.29,0.46,0.02,1.0,0.81,0.74,0.2,0.87,0.51,0.11,0.62,0.74,0.6,0.59,0.61,0.64,0.41,0.63,0.0,0.02,0.21,0.25,0.56,0.13,0.63,0.41,0.4,0.18,0.61,0.13,0.42,0.13,0.13,0.62,0.92,0.94,0.94,0.91,0.13,0.29,0.0,0.01,0.01,0.13,0.21,0.26,0.31,0.11,0.15,0.17,0.19,0.73,0.1,0.24,0.28,0.7,0.68,0.56,0.93,0.03,0.09,0.5,0.0,0.94,0.92,0.58,0.88,0.42,0.03,0.0,0.64,0.63,0.61,0.77,0.86,1.0,0.98,0.16,0.39,0.35,0.0,0.0,0.34,0.69,0.88,0.76,0.82,0.03,0.09,0.06,0.0,0.04
1833,10,0.0,0.5,0.0,0.98,0.01,0.01,0.49,0.54,0.31,0.15,0.02,1.0,0.3,0.81,0.58,0.42,0.26,0.17,0.16,0.29,0.21,0.2,0.02,0.15,0.02,0.43,0.01,0.19,0.25,0.23,0.23,0.22,0.86,0.24,0.34,0.42,0.25,0.38,0.38,0.47,0.44,0.6,0.73,0.8,0.88,0.7,0.94,1.0,0.0,0.1,0.0,0.0,0.0,0.0,0.08,0.0,0.0,0.0,0.0,0.95,0.02,0.15,0.16,0.55,0.73,0.27,0.66,0.1,0.44,0.5,0.01,0.9,0.57,0.11,0.29,0.71,0.12,0.09,0.13,0.11,0.1,0.2,0.22,0.2,0.18,0.32,0.46,0.36,0.0,0.0,0.02,0.67,0.54,0.7,0.71,0.02,0.14,0.0,0.0,0.02
1834,10,0.0,0.47,0.03,0.96,0.07,0.02,0.41,0.5,0.32,0.38,0.02,0.73,0.51,0.7,0.2,0.52,0.45,0.18,0.5,0.49,0.42,0.41,0.19,0.05,0.33,0.23,0.01,0.12,0.22,0.29,0.39,0.38,0.6,0.59,0.43,0.32,0.5,0.31,0.42,0.33,0.33,0.47,0.81,0.8,0.85,0.79,0.48,0.64,0.0,0.15,0.0,0.27,0.28,0.29,0.32,0.09,0.09,0.08,0.08,0.9,0.03,0.17,0.17,0.48,0.57,0.28,0.69,0.04,0.41,0.5,0.01,0.83,0.63,0.0,0.49,0.5,0.04,0.08,0.41,0.38,0.37,0.37,0.45,0.52,0.46,0.26,0.53,0.51,0.0,0.0,0.14,0.82,0.71,0.79,0.78,0.06,0.05,0.02,0.0,0.15
1835,10,0.21,0.73,0.7,0.1,0.09,0.76,0.52,0.6,0.41,0.29,0.22,1.0,0.25,0.58,0.14,0.23,0.42,0.64,0.29,0.24,0.18,0.23,0.26,0.15,0.25,0.3,0.23,0.49,0.78,0.8,0.12,0.76,0.46,0.69,0.29,0.87,0.15,0.54,0.71,0.61,0.6,0.84,0.24,0.21,0.38,0.23,0.51,0.49,0.34,1.0,0.24,0.39,0.5,0.58,0.64,0.69,0.77,0.81,0.82,0.13,0.93,0.82,0.76,0.76,0.84,0.74,0.15,0.66,0.73,0.0,0.12,0.83,0.16,0.44,0.47,0.19,0.68,0.67,0.3,0.34,0.32,0.34,0.39,0.45,0.41,0.61,0.64,1.0,0.15,0.22,0.75,0.45,0.59,0.8,0.7,0.02,1.0,0.59,1.0,0.65
1836,10,0.01,0.45,1.0,0.1,0.02,0.01,0.44,0.47,0.31,0.51,0.03,1.0,0.1,0.41,0.15,0.2,0.67,0.79,0.58,0.11,0.13,0.25,0.16,0.29,0.2,0.49,0.04,0.7,0.52,0.66,0.15,0.63,0.3,0.29,0.25,0.44,0.21,0.87,0.47,0.88,0.92,0.51,0.05,0.03,0.0,0.17,0.62,0.57,0.03,0.81,0.0,0.17,0.12,0.1,0.17,0.01,0.01,0.01,0.01,0.96,0.01,0.41,0.35,0.45,0.4,0.52,0.33,0.29,0.53,0.5,0.04,0.55,0.37,0.53,0.59,0.38,0.74,0.22,0.05,0.05,0.05,0.02,0.11,0.14,0.15,0.68,0.37,0.58,0.0,0.0,0.03,0.85,0.55,0.73,0.8,0.05,0.08,0.01,0.0,0.86
1837,10,0.01,0.41,0.1,0.8,0.02,0.02,0.42,0.42,0.27,0.51,0.0,0.0,0.2,0.39,0.26,0.36,0.59,0.27,0.41,0.23,0.23,0.24,0.14,0.14,0.0,0.3,0.02,0.31,0.38,0.51,0.18,0.34,0.4,0.41,0.37,0.54,0.31,0.55,0.21,0.56,0.58,0.42,0.63,0.62,0.67,0.69,0.44,0.43,0.01,0.16,0.0,0.11,0.08,0.54,0.51,0.01,0.0,0.03,0.02,0.97,0.02,0.17,0.17,0.43,0.4,0.49,0.65,0.11,0.46,0.5,0.03,0.64,0.67,0.4,0.72,0.5,0.48,0.2,0.06,0.06,0.08,0.13,0.15,0.15,0.17,0.52,0.47,0.39,0.0,0.0,0.02,0.73,0.6,0.69,0.83,0.05,0.08,0.0,0.0,0.12
1838,10,0.7,0.35,0.31,0.62,0.14,0.09,0.38,0.49,0.3,0.37,0.69,0.99,0.23,0.57,0.41,0.4,0.4,0.31,0.44,0.26,0.29,0.33,0.21,0.16,0.25,0.26,0.63,0.42,0.24,0.37,0.34,0.45,0.52,0.25,0.39,0.37,0.4,0.76,0.37,0.75,0.78,0.44,0.51,0.51,0.54,0.52,0.56,0.56,0.34,0.36,0.13,0.35,0.42,0.5,0.63,0.1,0.11,0.12,0.14,0.88,0.09,0.24,0.21,0.37,0.39,0.36,0.51,0.19,0.57,0.0,1.0,0.32,0.51,0.84,0.64,0.58,0.46,0.4,0.07,0.09,0.1,0.18,0.2,0.22,0.21,0.42,0.41,0.33,0.59,0.54,0.12,0.63,0.46,0.65,0.7,1.0,0.06,0.05,0.36,0.57
1839,10,0.06,0.35,0.16,0.8,0.13,0.11,0.29,0.48,0.29,0.52,0.08,1.0,0.41,0.59,0.15,0.53,0.54,0.26,0.61,0.43,0.39,0.4,0.33,0.24,0.28,0.41,0.02,0.13,0.34,0.45,0.2,0.31,0.6,0.46,0.19,0.41,0.31,0.56,0.51,0.54,0.56,0.38,0.54,0.56,0.57,0.51,0.69,0.69,0.03,0.26,0.04,0.21,0.31,0.35,0.36,0.16,0.21,0.21,0.2,0.69,0.13,0.14,0.13,0.36,0.43,0.3,0.54,0.09,0.57,0.0,0.05,0.84,0.51,0.16,0.29,0.4,0.12,0.22,0.4,0.36,0.33,0.41,0.47,0.52,0.47,0.44,0.49,0.46,0.12,0.0,0.32,0.61,0.66,0.83,0.76,0.05,0.23,0.33,0.65,0.16
1840,10,0.08,0.33,0.28,0.77,0.02,0.01,0.47,0.51,0.38,0.53,0.09,1.0,0.19,0.4,0.22,0.39,0.6,0.42,0.73,0.22,0.24,0.24,0.26,0.11,0.2,0.22,0.09,0.47,0.34,0.5,0.18,0.53,0.39,0.63,0.36,0.65,0.23,0.73,0.38,0.7,0.74,0.37,0.39,0.41,0.44,0.34,0.56,0.62,0.05,0.38,0.0,0.31,0.4,0.4,0.4,0.02,0.02,0.02,0.02,0.97,0.02,0.18,0.16,0.32,0.32,0.35,0.56,0.09,0.62,0.0,0.11,0.69,0.56,0.49,0.72,0.31,0.5,0.28,0.04,0.03,0.04,0.13,0.16,0.17,0.18,0.49,0.06,0.29,0.01,0.0,0.02,0.77,0.59,0.79,0.76,0.11,0.13,0.04,0.0,0.18
1841,10,0.05,0.4,0.56,0.54,0.05,0.03,0.42,0.5,0.33,0.47,0.06,1.0,0.16,0.41,0.15,0.31,0.53,0.44,0.59,0.17,0.21,0.27,0.17,0.32,0.15,0.25,0.07,0.54,0.3,0.43,0.28,0.5,0.34,0.23,0.49,0.43,0.41,0.85,0.43,0.76,0.83,0.44,0.35,0.35,0.46,0.36,0.52,0.5,0.04,0.45,0.01,0.22,0.27,0.4,0.43,0.03,0.03,0.05,0.05,0.94,0.03,0.25,0.22,0.37,0.37,0.4,0.46,0.18,0.55,0.0,0.13,0.43,0.47,0.25,0.44,0.54,0.51,0.17,0.08,0.08,0.09,0.16,0.19,0.2,0.19,0.47,0.47,0.32,0.04,0.0,0.06,0.61,0.52,0.66,0.53,0.06,0.15,0.01,0.0,0.16
1842,10,0.01,0.41,1.0,0.19,0.01,0.01,0.43,0.42,0.25,0.54,0.0,0.0,0.14,0.42,0.12,0.24,0.64,0.73,0.44,0.17,0.21,0.39,0.16,0.55,0.25,0.22,0.04,0.69,0.55,0.61,0.29,0.41,0.37,0.47,0.71,0.55,0.4,0.63,0.38,0.71,0.72,0.49,0.24,0.22,0.11,0.14,0.52,0.52,0.03,0.58,0.0,0.0,0.13,0.19,0.35,0.0,0.01,0.01,0.02,0.96,0.02,0.29,0.26,0.44,0.41,0.49,0.49,0.24,0.46,0.5,0.04,0.61,0.52,0.12,0.67,0.52,0.68,0.26,0.05,0.05,0.08,0.08,0.13,0.15,0.17,0.53,0.48,0.61,0.0,0.0,0.02,0.79,0.5,0.72,0.68,0.04,0.1,0.0,0.0,0.24
1843,10,0.07,0.5,0.35,0.69,0.09,0.05,0.47,0.57,0.37,0.27,0.08,1.0,0.24,0.64,0.24,0.36,0.34,0.27,0.62,0.23,0.21,0.25,0.14,0.22,0.15,0.27,0.07,0.42,0.19,0.31,0.24,0.46,0.54,0.21,0.42,0.31,0.35,0.55,0.35,0.61,0.61,0.51,0.57,0.55,0.51,0.54,0.53,0.56,0.04,0.38,0.01,0.14,0.21,0.27,0.3,0.02,0.03,0.04,0.04,0.93,0.02,0.2,0.21,0.5,0.48,0.53,0.46,0.2,0.47,0.5,0.15,0.46,0.48,1.0,0.53,0.6,0.34,0.33,0.1,0.1,0.1,0.17,0.21,0.25,0.23,0.51,0.38,0.26,0.01,0.0,0.07,0.49,0.43,0.42,0.44,0.11,0.12,0.02,0.52,0.44
1844,10,0.05,0.58,0.04,0.82,0.56,0.05,0.39,0.44,0.28,0.27,0.07,1.0,0.78,0.78,0.15,0.74,0.33,0.11,0.44,0.74,0.66,0.66,0.58,0.35,0.43,0.78,0.01,0.04,0.14,0.18,0.67,0.2,0.68,0.38,0.54,0.2,0.72,0.16,0.38,0.21,0.19,0.58,0.92,0.91,0.94,0.8,0.39,0.5,0.0,0.05,0.04,0.28,0.34,0.42,0.44,0.27,0.29,0.32,0.32,0.69,0.13,0.21,0.23,0.64,0.66,0.37,0.87,0.07,0.32,0.5,0.02,0.9,0.84,0.08,0.46,0.6,0.01,0.24,0.47,0.49,0.5,0.77,0.68,0.84,0.67,0.47,0.53,0.56,0.0,0.0,0.41,0.45,0.72,0.66,0.57,0.06,0.16,0.56,0.23,0.06
1845,10,0.02,0.53,0.2,0.82,0.07,0.03,0.37,0.49,0.3,0.4,0.04,0.96,0.44,0.67,0.13,0.43,0.47,0.2,0.61,0.43,0.33,0.32,0.35,0.16,0.33,0.52,0.01,0.12,0.27,0.46,0.19,0.29,0.56,0.39,0.29,0.48,0.27,0.45,0.44,0.38,0.42,0.57,0.69,0.67,0.84,0.67,0.32,0.36,0.01,0.17,0.0,0.15,0.22,0.2,0.21,0.02,0.03,0.03,0.03,0.93,0.03,0.31,0.31,0.55,0.6,0.33,0.8,0.08,0.36,0.5,0.02,0.88,0.75,0.31,0.24,0.54,0.06,0.13,0.21,0.19,0.17,0.42,0.38,0.43,0.43,0.44,0.46,0.54,0.0,0.0,0.07,0.49,0.76,0.69,0.75,0.05,0.11,0.18,0.0,0.16
1846,10,0.01,0.54,0.03,0.87,0.09,0.23,0.42,0.44,0.26,0.23,0.03,1.0,0.51,0.84,0.4,0.51,0.25,0.07,0.24,0.5,0.42,0.42,0.38,0.29,0.45,0.41,0.01,0.11,0.18,0.24,0.35,0.14,0.73,0.4,0.36,0.23,0.48,0.43,0.25,0.46,0.47,0.51,0.75,0.77,0.86,0.66,0.51,0.62,0.0,0.12,0.0,0.4,0.39,0.37,0.52,0.1,0.08,0.07,0.09,0.82,0.1,0.17,0.19,0.58,0.63,0.45,0.68,0.18,0.29,0.5,0.01,0.89,0.65,0.19,0.66,0.77,0.14,0.31,0.16,0.15,0.15,0.32,0.3,0.33,0.34,0.3,0.42,0.17,0.0,0.0,0.1,0.71,0.51,0.49,0.81,0.06,0.08,0.04,0.0,0.08
1847,10,0.43,0.62,1.0,0.0,0.07,0.48,0.54,0.62,0.42,0.28,0.44,1.0,0.17,0.39,0.1,0.14,0.43,1.0,0.27,0.18,0.14,0.2,0.23,0.14,0.27,0.28,0.64,0.7,0.76,0.87,0.12,1.0,0.28,0.47,0.38,0.79,0.16,0.64,0.84,0.68,0.69,0.78,0.0,0.0,0.05,0.0,0.36,0.29,0.97,1.0,0.34,0.4,0.51,0.56,0.62,0.52,0.58,0.58,0.59,0.36,0.71,0.75,0.64,0.63,0.86,0.6,0.02,0.63,0.79,0.0,0.58,0.56,0.02,0.84,0.54,0.21,0.9,1.0,0.22,0.25,0.27,0.23,0.32,0.38,0.31,0.52,0.65,0.71,1.0,1.0,0.55,0.49,0.63,0.83,0.74,0.07,0.97,1.0,0.0,1.0
1848,10,0.0,0.43,0.01,0.97,0.06,0.06,0.39,0.42,0.26,0.36,0.02,1.0,0.4,0.56,0.3,0.57,0.46,0.15,0.42,0.4,0.34,0.33,0.4,0.15,0.41,0.44,0.01,0.19,0.16,0.25,0.28,0.35,0.45,0.59,0.47,0.39,0.4,0.45,0.22,0.38,0.42,0.44,0.79,0.82,0.91,0.77,0.37,0.44,0.0,0.04,0.0,0.0,0.22,0.18,0.15,0.0,0.02,0.02,0.01,0.9,0.04,0.15,0.16,0.47,0.47,0.45,0.73,0.13,0.41,0.5,0.01,0.78,0.73,0.15,0.72,0.52,0.2,0.0,0.07,0.08,0.1,0.21,0.2,0.19,0.24,0.27,0.08,0.17,0.0,0.0,0.05,0.75,0.73,0.88,0.91,0.02,0.12,0.02,0.0,0.14
1849,10,0.05,0.42,1.0,0.0,0.04,0.02,0.36,0.49,0.34,0.49,0.06,1.0,0.16,0.45,0.18,0.19,0.6,0.6,0.76,0.2,0.18,0.33,0.23,0.12,0.29,0.29,0.07,0.54,0.6,0.67,0.2,0.55,0.33,0.34,0.58,0.61,0.23,0.79,0.66,0.73,0.79,0.47,0.06,0.03,0.1,0.24,0.58,0.66,0.09,1.0,0.0,0.29,0.36,0.3,0.31,0.04,0.04,0.03,0.03,0.94,0.04,0.34,0.28,0.38,0.39,0.41,0.38,0.2,0.58,0.0,0.08,0.63,0.39,0.83,0.59,0.48,0.85,0.36,0.08,0.08,0.08,0.1,0.17,0.2,0.21,0.57,0.46,0.36,0.01,0.02,0.05,0.77,0.57,0.65,0.74,0.06,0.14,0.2,0.0,0.55
1850,10,0.01,0.44,0.12,0.87,0.15,0.03,0.45,0.43,0.25,0.33,0.02,1.0,0.32,0.57,0.26,0.44,0.42,0.21,0.76,0.34,0.3,0.3,0.29,0.06,0.1,0.44,0.01,0.26,0.17,0.27,0.41,0.43,0.49,0.45,0.48,0.25,0.46,0.52,0.27,0.52,0.54,0.51,0.69,0.68,0.78,0.52,0.56,0.59,0.0,0.06,0.0,0.03,0.05,0.32,0.48,0.01,0.01,0.06,0.09,0.91,0.07,0.21,0.21,0.47,0.53,0.37,0.64,0.1,0.31,0.5,0.02,0.71,0.6,0.14,0.32,0.69,0.22,0.25,0.11,0.11,0.12,0.23,0.24,0.25,0.24,0.28,0.32,0.36,0.0,0.0,0.1,0.43,0.53,0.55,0.47,0.02,0.13,0.0,0.0,0.13
1851,10,0.02,0.09,0.11,0.91,0.01,0.04,0.06,0.06,0.04,1.0,0.03,1.0,0.52,0.0,0.35,0.85,1.0,0.11,0.95,0.66,1.0,1.0,0.32,0.35,0.52,0.4,0.01,0.15,0.11,0.17,0.62,0.13,0.04,0.09,0.41,0.12,0.63,0.42,0.09,0.36,0.4,0.0,0.56,0.55,0.59,0.5,0.61,0.43,0.0,0.07,0.01,0.26,0.28,0.34,0.34,0.11,0.1,0.11,0.11,0.9,0.07,0.03,0.03,0.1,0.08,0.16,0.75,0.06,0.64,0.0,0.29,0.0,0.76,0.01,0.31,0.71,0.13,0.04,0.49,0.68,1.0,0.29,0.41,0.56,0.43,0.49,0.54,0.31,0.0,0.02,0.17,0.0,0.59,0.53,0.31,0.03,0.15,0.01,0.61,0.22
1852,10,0.02,0.32,0.2,0.83,0.06,0.02,0.38,0.52,0.37,0.5,0.0,0.0,0.24,0.54,0.3,0.42,0.49,0.26,0.42,0.27,0.31,0.32,0.22,0.26,0.3,0.25,0.02,0.29,0.51,0.54,0.29,0.27,0.56,0.46,0.34,0.54,0.38,0.72,0.44,0.64,0.7,0.36,0.55,0.55,0.5,0.57,0.76,0.8,0.01,0.32,0.0,0.3,0.54,0.59,0.57,0.05,0.08,0.08,0.07,0.95,0.02,0.14,0.12,0.29,0.33,0.32,0.31,0.11,0.52,0.5,0.04,0.71,0.32,0.18,0.27,0.42,0.58,0.57,0.18,0.19,0.22,0.27,0.28,0.31,0.29,0.37,0.32,0.36,0.0,0.0,0.07,0.57,0.44,0.36,0.47,0.02,0.2,0.04,0.0,0.29
1853,10,0.06,0.45,0.02,0.94,0.06,0.02,0.7,0.81,0.72,0.26,0.08,1.0,0.23,0.69,0.75,0.52,0.3,0.21,0.24,0.27,0.23,0.22,0.28,0.11,0.23,0.23,0.06,0.38,0.25,0.23,0.47,0.29,0.61,0.11,0.74,0.31,0.49,0.3,0.75,0.35,0.33,0.45,0.64,0.72,0.7,0.64,0.78,0.75,0.01,0.16,0.01,0.79,0.75,0.69,0.65,0.13,0.1,0.09,0.08,0.92,0.02,0.16,0.14,0.36,0.55,0.23,0.44,0.09,0.63,0.0,0.05,0.8,0.36,0.06,0.24,0.6,0.17,0.26,0.13,0.11,0.11,0.2,0.24,0.26,0.22,0.48,0.41,0.28,0.04,0.0,0.06,0.64,0.36,0.42,0.44,0.04,0.29,0.05,0.0,0.05
1854,10,0.0,0.46,0.07,0.91,0.04,0.08,0.4,0.42,0.25,0.28,0.02,1.0,0.54,0.74,0.53,0.58,0.29,0.07,0.38,0.55,0.53,0.54,0.15,0.24,0.04,0.33,0.01,0.19,0.2,0.22,0.6,0.25,0.62,0.36,0.43,0.14,0.72,0.39,0.23,0.4,0.41,0.44,0.8,0.8,0.86,0.81,0.35,0.4,0.0,0.06,0.0,0.03,0.2,0.37,0.51,0.01,0.03,0.06,0.07,0.91,0.06,0.15,0.16,0.48,0.5,0.43,0.64,0.14,0.38,0.5,0.02,0.55,0.63,0.1,0.6,0.85,0.27,0.09,0.23,0.28,0.29,0.36,0.39,0.5,0.43,0.38,0.6,0.33,0.0,0.0,0.08,0.56,0.33,0.19,0.59,0.04,0.06,0.03,0.0,0.16
1855,10,0.04,0.28,0.03,0.97,0.02,0.0,0.35,0.39,0.26,0.65,0.05,1.0,0.15,0.23,0.14,0.39,0.73,0.45,0.67,0.19,0.21,0.2,0.23,0.09,0.35,0.62,0.06,0.5,0.47,0.54,0.19,0.52,0.26,0.44,0.43,0.52,0.33,0.6,0.31,0.61,0.64,0.33,0.48,0.51,0.5,0.59,0.33,0.37,0.02,0.21,0.0,0.29,0.25,0.22,0.19,0.02,0.01,0.01,0.01,0.98,0.03,0.13,0.12,0.29,0.31,0.29,0.56,0.04,0.53,0.5,0.1,0.52,0.55,0.26,0.7,0.25,0.56,0.18,0.05,0.05,0.06,0.12,0.15,0.14,0.17,0.53,0.14,0.44,0.0,0.0,0.02,0.85,0.62,0.81,0.76,0.03,0.25,0.05,0.0,0.09
1856,10,0.01,0.32,0.12,0.9,0.01,0.0,0.37,0.39,0.26,0.64,0.0,0.0,0.14,0.39,1.0,0.42,0.71,0.54,0.47,0.19,0.21,0.21,0.19,0.03,0.3,0.27,0.02,0.43,0.76,0.67,0.26,0.6,0.32,0.73,0.4,0.61,0.41,0.65,0.29,0.68,0.7,0.29,0.46,0.47,0.66,0.5,0.55,0.68,0.01,0.16,0.0,0.12,0.09,0.07,0.12,0.0,0.0,0.0,0.0,0.98,0.04,0.07,0.08,0.29,0.29,0.31,0.55,0.06,0.53,0.5,0.02,0.68,0.56,0.1,0.48,0.5,0.63,0.3,0.06,0.06,0.08,0.04,0.1,0.1,0.09,0.4,0.2,0.31,0.0,0.0,0.01,0.79,0.61,0.81,0.78,0.03,0.1,0.01,0.0,0.17
1857,10,0.03,0.46,0.07,0.88,0.25,0.02,1.0,1.0,1.0,0.35,0.0,0.0,0.11,0.55,0.24,0.52,0.4,0.1,0.48,0.3,0.18,0.18,0.17,0.18,0.21,0.23,0.06,0.82,0.21,0.24,0.72,0.52,0.17,0.11,1.0,0.15,0.69,0.16,1.0,0.17,0.17,0.3,0.7,0.73,0.83,0.55,0.34,0.51,0.0,0.11,0.01,1.0,1.0,0.93,0.87,0.47,0.36,0.3,0.25,0.88,0.06,0.08,0.08,0.24,0.32,0.24,0.32,0.06,0.55,0.0,0.04,0.68,0.3,0.09,0.49,0.27,0.22,0.08,0.13,0.13,0.14,0.2,0.22,0.29,0.2,1.0,0.15,0.22,0.04,0.0,0.16,0.46,0.28,0.09,0.05,0.02,0.28,0.14,0.0,0.15
1858,10,0.04,0.39,0.16,0.85,0.08,0.01,0.64,0.68,0.64,0.45,0.0,0.0,0.18,0.51,0.41,0.48,0.5,0.27,0.45,0.26,0.24,0.25,0.17,0.16,0.25,0.24,0.05,0.47,0.39,0.39,0.39,0.4,0.45,0.27,0.63,0.34,0.41,0.41,0.57,0.41,0.43,0.37,0.62,0.61,0.57,0.65,0.65,0.65,0.02,0.28,0.0,1.0,0.94,0.85,0.78,0.14,0.1,0.09,0.07,0.94,0.04,0.15,0.13,0.31,0.4,0.23,0.52,0.07,0.56,0.0,0.06,0.67,0.48,0.16,0.34,0.52,0.41,0.41,0.09,0.1,0.11,0.14,0.16,0.16,0.17,0.61,0.19,0.42,0.0,0.0,0.05,0.75,0.46,0.47,0.66,0.06,0.12,0.01,0.0,0.14
1859,10,0.12,0.44,0.36,0.64,0.03,0.15,0.39,0.48,0.28,0.41,0.13,1.0,0.25,0.48,0.12,0.5,0.54,0.57,0.6,0.27,0.23,0.27,0.17,0.13,0.24,0.23,0.12,0.42,0.35,0.48,0.22,0.49,0.47,0.8,0.34,0.63,0.3,0.55,0.46,0.59,0.6,0.52,0.37,0.4,0.34,0.38,0.58,0.58,0.11,0.59,0.02,0.18,0.25,0.26,0.26,0.05,0.06,0.05,0.05,0.86,0.09,0.3,0.27,0.47,0.49,0.44,0.52,0.15,0.52,0.5,0.07,0.85,0.51,0.48,0.48,0.13,0.31,0.17,0.1,0.08,0.07,0.22,0.23,0.23,0.24,0.54,0.26,0.42,0.01,0.01,0.11,0.74,0.63,0.86,0.79,0.04,0.46,0.19,0.61,0.34
1860,10,0.03,0.28,0.23,0.81,0.03,0.01,0.4,0.48,0.34,0.46,0.0,0.0,0.23,0.53,0.57,0.46,0.51,0.25,0.61,0.26,0.27,0.29,0.19,0.16,0.37,0.34,0.03,0.34,0.36,0.39,0.36,0.3,0.55,0.27,0.34,0.33,0.52,0.73,0.38,0.79,0.8,0.33,0.47,0.49,0.5,0.42,0.77,0.77,0.02,0.3,0.0,0.37,0.27,0.36,0.3,0.03,0.02,0.02,0.02,0.97,0.02,0.08,0.08,0.27,0.32,0.25,0.45,0.08,0.61,0.0,0.04,0.72,0.43,0.19,0.33,0.52,0.56,0.14,0.11,0.1,0.1,0.17,0.2,0.19,0.19,0.33,0.13,0.21,0.0,0.0,0.03,0.85,0.5,0.66,0.76,0.04,0.15,0.03,0.0,0.27
1861,10,0.07,0.5,0.04,0.8,0.09,0.29,0.29,0.38,0.15,0.47,0.08,1.0,0.37,0.5,0.19,0.5,0.52,0.19,0.65,0.36,0.31,0.32,0.31,0.22,0.23,0.33,0.04,0.2,0.19,0.27,0.26,0.26,0.46,0.26,0.35,0.29,0.38,0.37,0.14,0.38,0.39,0.5,0.78,0.77,0.8,0.7,0.52,0.52,0.02,0.15,0.01,0.2,0.21,0.29,0.36,0.06,0.05,0.07,0.08,0.76,0.12,0.29,0.29,0.53,0.51,0.5,0.82,0.2,0.53,0.5,0.2,0.27,0.82,0.11,0.55,0.96,0.13,0.06,0.19,0.18,0.16,0.4,0.43,0.65,0.49,0.9,0.71,0.25,0.0,0.01,0.12,0.26,0.2,0.57,0.32,0.18,0.07,0.03,0.0,0.17
1862,10,0.01,0.35,0.34,0.72,0.04,0.01,0.41,0.44,0.27,0.5,0.0,0.0,0.18,0.42,0.41,0.35,0.56,0.51,0.53,0.2,0.22,0.26,0.14,0.25,0.5,0.46,0.03,0.49,0.47,0.6,0.17,0.44,0.43,0.52,0.28,0.53,0.3,0.5,0.32,0.56,0.56,0.41,0.46,0.45,0.36,0.53,0.53,0.6,0.01,0.29,0.0,0.0,0.18,0.23,0.32,0.0,0.01,0.01,0.01,0.97,0.03,0.14,0.14,0.38,0.38,0.4,0.54,0.11,0.49,0.5,0.02,0.76,0.54,0.05,0.53,0.48,0.52,0.74,0.07,0.07,0.09,0.08,0.13,0.13,0.15,0.38,0.18,0.54,0.02,0.0,0.02,0.78,0.56,0.74,0.73,0.02,0.17,0.01,0.0,0.26
1863,10,0.01,0.36,0.0,0.98,0.02,0.0,0.42,0.45,0.29,0.53,0.0,0.0,0.15,0.47,1.0,0.51,0.55,0.22,0.3,0.2,0.19,0.18,0.0,0.06,0.14,0.16,0.02,0.35,0.48,0.4,0.21,0.33,0.56,0.5,0.42,0.5,0.3,0.34,0.35,0.29,0.32,0.48,0.71,0.78,0.69,0.74,0.89,0.96,0.0,0.09,0.0,0.39,0.42,0.54,0.46,0.02,0.02,0.02,0.02,0.96,0.03,0.23,0.19,0.37,0.47,0.21,0.63,0.08,0.55,0.5,0.03,0.69,0.56,0.03,0.73,0.48,0.27,0.14,0.07,0.07,0.08,0.1,0.14,0.15,0.11,0.48,0.4,0.32,0.0,0.0,0.01,0.81,0.5,0.65,0.76,0.04,0.11,0.0,0.0,0.07
1864,10,0.01,0.53,0.02,0.95,0.15,0.03,0.27,0.37,0.18,0.23,0.0,0.0,0.82,0.82,0.45,0.75,0.21,0.05,0.29,0.77,0.67,0.65,0.94,1.0,0.43,0.49,0.0,0.05,0.13,0.15,0.69,0.09,0.78,0.43,0.4,0.19,0.67,0.26,0.27,0.26,0.26,0.51,0.96,0.96,0.96,0.88,0.34,0.42,0.0,0.06,0.01,0.42,0.41,0.41,0.37,0.18,0.15,0.14,0.11,0.89,0.02,0.17,0.19,0.56,0.57,0.41,0.88,0.03,0.37,0.5,0.02,0.77,0.86,0.04,0.78,0.9,0.02,0.22,0.49,0.56,0.59,0.65,0.75,0.88,0.82,0.38,0.89,0.79,0.01,0.0,0.17,0.54,0.38,0.24,0.51,0.11,0.03,0.09,0.0,0.02
1865,10,0.25,0.36,0.52,0.52,0.09,0.16,0.49,0.69,0.51,0.35,0.26,1.0,0.24,0.62,0.16,0.34,0.38,0.3,0.32,0.25,0.3,0.38,0.19,0.18,0.27,0.34,0.22,0.41,0.26,0.37,0.36,0.25,0.66,0.17,0.3,0.29,0.42,0.78,0.72,0.81,0.82,0.39,0.29,0.25,0.37,0.27,0.59,0.62,0.22,0.74,0.08,0.35,0.42,0.48,0.55,0.17,0.18,0.19,0.19,0.79,0.15,0.26,0.19,0.28,0.34,0.31,0.26,0.26,0.75,0.0,0.41,0.56,0.26,0.21,0.17,0.69,0.44,0.17,0.16,0.14,0.15,0.36,0.37,0.4,0.39,0.55,0.46,0.35,0.4,0.54,0.2,0.27,0.27,0.34,0.19,0.19,0.2,0.2,0.96,0.95
1866,10,0.0,0.51,0.0,0.99,0.01,0.04,0.5,0.48,0.32,0.36,0.0,0.0,0.21,0.52,0.24,0.3,0.51,0.35,0.39,0.24,0.23,0.22,0.0,0.56,0.12,0.39,0.01,0.39,0.38,0.58,0.07,0.4,0.35,0.35,0.33,0.45,0.26,0.63,0.23,0.62,0.65,0.51,0.67,0.66,0.66,0.79,0.35,0.22,0.0,0.06,0.0,0.0,0.0,0.0,0.0,0.0,0.0,0.0,0.0,0.96,0.02,0.23,0.24,0.54,0.5,0.59,0.68,0.21,0.47,0.5,0.02,0.65,0.7,0.33,0.82,0.63,0.48,0.29,0.05,0.04,0.04,0.12,0.14,0.12,0.17,0.59,0.09,0.39,0.0,0.0,0.01,0.75,0.64,0.74,0.88,0.03,0.09,0.0,0.0,0.11
1867,10,0.0,0.3,0.01,0.99,0.01,0.01,0.36,0.38,0.26,0.78,0.0,0.0,0.15,0.27,0.12,0.44,0.85,0.31,0.73,0.17,0.17,0.16,0.08,0.0,0.0,0.19,0.01,0.27,0.44,0.58,0.08,0.61,0.28,0.87,0.21,0.96,0.14,0.56,0.35,0.5,0.55,0.36,0.5,0.54,0.56,0.58,0.36,0.49,0.0,0.16,0.0,0.0,0.26,0.21,0.18,0.0,0.01,0.01,0.01,0.96,0.01,0.2,0.17,0.32,0.32,0.34,0.57,0.04,0.46,0.5,0.01,0.79,0.57,0.06,0.72,0.02,0.18,0.34,0.06,0.05,0.05,0.13,0.14,0.13,0.18,0.4,0.24,0.57,0.0,0.0,0.01,0.95,0.77,0.85,0.88,0.01,0.3,0.01,0.0,0.03
1868,10,0.07,0.42,0.0,0.95,0.16,0.01,0.4,0.49,0.3,0.39,0.09,1.0,0.34,0.58,0.15,0.7,0.47,0.25,0.45,0.36,0.33,0.33,0.21,0.18,0.16,0.23,0.03,0.18,0.25,0.25,0.38,0.2,0.6,0.59,0.45,0.46,0.46,0.36,0.39,0.36,0.37,0.47,0.75,0.81,0.8,0.64,0.59,0.65,0.01,0.08,0.01,0.47,0.35,0.33,0.56,0.1,0.07,0.06,0.09,0.92,0.07,0.19,0.17,0.42,0.5,0.28,0.65,0.07,0.43,0.5,0.03,0.92,0.6,0.06,0.49,0.38,0.09,0.11,0.12,0.11,0.11,0.27,0.26,0.26,0.24,0.3,0.33,0.47,0.01,0.0,0.09,0.81,0.58,0.62,0.76,0.04,0.32,0.11,0.0,0.03
1869,10,0.02,0.33,0.15,0.89,0.01,0.0,0.3,0.34,0.22,0.71,0.04,1.0,0.25,0.29,0.08,0.57,0.79,0.34,1.0,0.27,0.26,0.26,0.2,0.09,0.07,0.66,0.02,0.25,0.21,0.38,0.16,0.47,0.31,0.24,0.57,0.38,0.32,0.31,0.35,0.31,0.32,0.35,0.61,0.65,0.54,0.64,0.59,0.52,0.01,0.18,0.0,0.1,0.07,0.11,0.09,0.01,0.01,0.01,0.0,0.9,0.03,0.07,0.08,0.37,0.38,0.28,0.81,0.03,0.45,0.5,0.01,0.9,0.79,0.17,0.57,0.31,0.06,0.16,0.08,0.07,0.06,0.02,0.09,0.18,0.1,0.46,0.32,0.49,0.0,0.0,0.03,1.0,1.0,1.0,0.94,0.04,0.14,0.45,0.0,0.19
1870,10,0.02,0.6,0.07,0.49,0.09,1.0,0.62,0.7,0.56,0.3,0.0,0.0,0.17,0.49,0.55,0.28,0.42,0.62,0.45,0.18,0.14,0.19,0.14,0.13,0.22,0.22,0.06,0.73,0.7,0.63,0.32,0.7,0.31,0.21,0.61,0.36,0.42,0.36,0.59,0.44,0.42,0.69,0.59,0.55,0.61,0.62,0.25,0.19,0.01,0.23,0.01,0.42,0.44,0.45,0.47,0.16,0.14,0.13,0.13,0.05,0.43,0.47,0.43,0.6,0.63,0.55,0.48,0.45,0.58,0.0,0.08,0.33,0.47,0.5,0.75,0.5,0.84,0.8,0.04,0.04,0.05,0.13,0.19,0.21,0.19,0.56,0.23,0.4,0.0,0.0,0.15,0.83,0.53,0.62,0.77,0.03,0.17,0.0,0.0,0.34
1871,10,0.01,0.58,0.01,0.99,0.02,0.01,0.42,0.43,0.26,0.41,0.02,1.0,0.53,0.67,0.65,0.71,0.49,0.22,0.62,0.48,0.38,0.36,0.54,0.61,0.38,0.35,0.0,0.07,0.23,0.32,0.32,0.16,0.63,0.51,0.39,0.36,0.43,0.26,0.37,0.24,0.26,0.58,0.82,0.83,0.9,0.74,0.63,0.75,0.0,0.07,0.0,0.05,0.13,0.1,0.09,0.01,0.02,0.01,0.01,0.93,0.03,0.26,0.29,0.62,0.63,0.33,0.93,0.04,0.24,0.5,0.0,0.95,0.9,0.14,0.41,0.46,0.05,0.0,0.31,0.3,0.29,0.45,0.4,0.4,0.43,0.35,0.4,0.31,0.0,0.0,0.07,0.91,0.85,0.93,0.9,0.01,0.22,0.1,0.0,0.11
1872,10,0.11,0.42,0.81,0.35,0.05,0.01,0.57,0.65,0.55,0.41,0.13,1.0,0.22,0.54,0.22,0.37,0.46,0.4,0.48,0.27,0.31,0.46,0.2,0.2,0.21,0.38,0.15,0.57,0.32,0.4,0.47,0.3,0.46,0.15,0.64,0.24,0.51,0.49,0.74,0.54,0.54,0.49,0.32,0.29,0.4,0.32,0.65,0.64,0.14,0.85,0.01,0.54,0.48,0.46,0.48,0.09,0.07,0.06,0.06,0.93,0.04,0.31,0.24,0.36,0.44,0.34,0.37,0.19,0.59,0.0,0.19,0.57,0.35,0.68,0.77,0.52,0.3,0.34,0.16,0.18,0.25,0.18,0.27,0.29,0.29,0.62,0.5,0.46,0.1,0.0,0.07,0.67,0.42,0.59,0.53,0.12,0.15,0.33,0.25,0.53
1873,10,0.02,0.41,0.09,0.92,0.04,0.01,0.47,0.46,0.37,0.55,0.04,1.0,0.29,0.55,0.2,0.52,0.58,0.14,0.53,0.32,0.32,0.31,0.28,0.06,0.17,0.32,0.01,0.12,0.36,0.41,0.28,0.08,0.5,0.37,0.46,0.51,0.37,0.55,0.34,0.49,0.54,0.31,0.67,0.67,0.74,0.65,0.64,0.7,0.01,0.12,0.0,0.22,0.33,0.34,0.41,0.03,0.03,0.03,0.04,0.97,0.03,0.06,0.07,0.33,0.35,0.3,0.63,0.04,0.41,0.5,0.02,0.83,0.61,0.05,0.24,0.52,0.17,0.06,0.13,0.13,0.14,0.27,0.27,0.26,0.26,0.42,0.17,0.24,0.0,0.01,0.05,0.72,0.54,0.51,0.66,0.04,0.14,0.0,0.0,0.04
1874,10,0.01,0.35,0.04,0.91,0.06,0.14,0.31,0.51,0.29,0.49,0.0,0.0,0.37,0.55,0.2,0.43,0.52,0.36,0.38,0.39,0.35,0.34,0.47,0.57,0.36,0.37,0.01,0.19,0.3,0.36,0.26,0.31,0.57,0.81,0.33,0.53,0.42,0.53,0.49,0.48,0.52,0.46,0.59,0.64,0.59,0.76,0.63,0.66,0.01,0.27,0.0,0.22,0.49,0.57,0.55,0.08,0.16,0.16,0.14,0.78,0.17,0.21,0.18,0.38,0.45,0.35,0.43,0.1,0.63,0.0,0.01,0.79,0.41,0.19,0.43,0.0,0.18,0.28,0.33,0.32,0.3,0.33,0.41,0.46,0.43,0.31,0.59,0.36,0.0,0.0,0.15,0.78,0.61,0.72,0.74,0.01,0.19,0.0,0.0,0.21
1875,10,0.07,0.53,0.02,0.64,0.25,0.63,0.41,0.58,0.38,0.33,0.08,1.0,0.47,0.68,0.24,0.45,0.37,0.3,0.47,0.45,0.38,0.42,0.43,0.24,0.35,0.36,0.04,0.2,0.34,0.4,0.28,0.33,0.63,0.52,0.27,0.43,0.38,0.49,0.5,0.61,0.57,0.6,0.6,0.58,0.68,0.59,0.49,0.54,0.03,0.28,0.07,0.47,0.55,0.57,0.62,0.66,0.67,0.63,0.63,0.47,0.59,0.53,0.48,0.58,0.55,0.61,0.44,0.51,0.6,0.0,0.03,0.91,0.47,0.11,0.16,0.54,0.19,0.19,0.53,0.53,0.54,0.68,0.62,0.69,0.61,0.61,0.59,0.24,0.01,0.0,0.59,0.48,0.49,0.52,0.74,0.02,0.59,0.1,0.0,0.37
1876,10,0.1,0.7,0.17,0.68,0.23,0.29,0.37,0.54,0.3,0.19,0.11,1.0,0.48,0.74,0.17,0.45,0.27,0.31,0.63,0.44,0.32,0.35,0.26,0.18,0.31,0.33,0.03,0.15,0.17,0.29,0.26,0.28,0.47,0.24,0.28,0.35,0.33,0.41,0.59,0.56,0.48,0.53,0.66,0.68,0.7,0.62,0.44,0.49,0.02,0.2,0.04,0.28,0.34,0.4,0.42,0.15,0.16,0.18,0.17,0.78,0.18,0.28,0.28,0.58,0.58,0.58,0.57,0.22,0.37,0.5,0.05,0.85,0.57,0.04,0.32,0.79,0.11,0.11,0.38,0.36,0.35,0.54,0.53,0.62,0.54,0.55,0.73,0.33,0.0,0.0,0.23,0.5,0.26,0.31,0.6,0.06,0.26,0.07,0.0,0.18
1877,10,0.05,0.36,0.01,0.98,0.04,0.01,0.48,0.55,0.43,0.52,0.06,1.0,0.21,0.48,0.13,0.38,0.58,0.49,0.33,0.25,0.24,0.23,0.12,0.09,0.2,0.36,0.05,0.36,0.72,0.64,0.14,0.48,0.46,0.6,0.44,0.61,0.25,0.6,0.46,0.52,0.57,0.36,0.46,0.51,0.32,0.58,0.6,0.63,0.02,0.21,0.01,0.07,0.06,0.06,0.06,0.03,0.02,0.02,0.02,0.38,0.16,0.12,0.11,0.33,0.47,0.26,0.39,0.06,0.61,0.0,0.07,0.7,0.34,0.34,0.48,0.15,0.38,0.21,0.2,0.18,0.17,0.22,0.25,0.26,0.21,0.46,0.41,0.58,0.03,0.0,0.16,0.8,0.51,0.76,0.74,0.1,0.1,0.05,0.0,0.15
1878,10,0.1,0.56,0.12,0.47,0.12,0.77,0.47,0.57,0.36,0.39,0.11,1.0,0.17,0.29,0.1,0.25,0.5,1.0,0.44,0.19,0.15,0.21,0.19,0.09,0.18,0.19,0.17,0.73,0.74,0.76,0.14,1.0,0.27,0.83,0.31,0.71,0.23,0.58,0.66,0.72,0.69,0.69,0.14,0.16,0.18,0.13,0.3,0.28,0.13,0.83,0.1,0.5,0.59,0.66,0.68,0.73,0.76,0.77,0.73,0.11,0.89,0.57,0.5,0.59,0.57,0.62,0.1,0.48,0.62,0.0,0.14,0.59,0.14,0.41,0.37,0.08,0.6,1.0,0.32,0.31,0.28,0.31,0.42,0.46,0.45,0.8,0.61,0.69,0.03,0.06,0.62,0.56,0.44,0.64,0.49,0.02,0.84,0.15,0.93,0.88
1879,10,0.01,0.46,1.0,0.08,0.03,0.0,0.48,0.48,0.28,0.53,0.0,0.0,0.07,0.29,0.43,0.2,0.65,1.0,0.26,0.11,0.19,0.45,0.14,0.1,0.2,0.23,0.06,1.0,0.74,0.73,0.29,0.77,0.23,0.38,0.53,0.53,0.45,0.64,0.55,0.63,0.67,0.65,0.13,0.09,0.06,0.0,0.8,0.57,0.06,1.0,0.0,0.96,0.71,0.58,0.49,0.04,0.03,0.02,0.02,0.97,0.03,0.52,0.43,0.48,0.42,0.56,0.32,0.45,0.65,0.0,0.03,0.71,0.36,1.0,0.59,0.44,0.89,0.42,0.06,0.06,0.08,0.0,0.02,0.05,0.07,0.85,0.43,0.46,0.0,0.0,0.01,0.95,0.58,0.86,0.88,0.02,0.17,0.02,0.0,0.2
1880,10,0.04,0.39,0.39,0.65,0.09,0.13,0.3,0.4,0.25,0.67,0.06,1.0,0.4,0.46,0.1,0.56,0.67,0.28,0.65,0.42,0.38,0.4,0.34,0.19,0.33,0.47,0.02,0.14,0.45,0.55,0.18,0.42,0.44,0.55,0.26,0.55,0.27,0.4,0.46,0.37,0.4,0.47,0.6,0.59,0.75,0.54,0.43,0.52,0.02,0.32,0.04,0.22,0.32,0.35,0.38,0.25,0.32,0.31,0.31,0.56,0.28,0.24,0.22,0.42,0.47,0.37,0.55,0.14,0.53,0.5,0.03,0.88,0.53,0.08,0.5,0.29,0.12,0.06,0.4,0.38,0.34,0.47,0.49,0.56,0.5,0.42,0.59,0.74,0.0,0.0,0.47,0.63,0.83,0.84,0.84,0.03,0.28,0.32,0.99,0.22
1881,10,0.0,0.37,0.02,0.88,0.32,0.13,0.31,0.49,0.28,0.49,0.02,1.0,0.52,0.69,0.15,0.66,0.5,0.22,0.53,0.54,0.48,0.47,0.53,0.24,0.4,0.62,0.0,0.07,0.24,0.36,0.36,0.32,0.63,0.49,0.36,0.41,0.42,0.31,0.52,0.33,0.33,0.47,0.78,0.79,0.92,0.71,0.34,0.46,0.0,0.08,0.01,0.27,0.37,0.44,0.48,0.27,0.33,0.35,0.35,0.63,0.18,0.22,0.2,0.42,0.57,0.23,0.58,0.13,0.51,0.5,0.01,0.9,0.5,0.14,0.4,0.17,0.03,0.45,0.43,0.4,0.35,0.7,0.61,0.62,0.57,0.38,0.58,0.76,0.0,0.0,0.42,0.71,0.68,0.74,0.79,0.0,0.88,0.37,0.0,0.06
1882,10,0.01,0.51,0.01,0.98,0.06,0.01,0.37,0.46,0.31,0.33,0.02,0.81,0.56,0.7,0.27,0.6,0.43,0.14,0.53,0.57,0.45,0.43,0.3,0.05,0.67,0.3,0.01,0.11,0.08,0.15,0.43,0.28,0.66,0.44,0.48,0.29,0.58,0.34,0.45,0.38,0.37,0.55,0.75,0.81,0.77,0.79,0.59,0.54,0.0,0.08,0.0,0.23,0.28,0.29,0.29,0.05,0.06,0.05,0.05,0.96,0.03,0.27,0.26,0.54,0.7,0.23,0.69,0.04,0.46,0.5,0.01,0.87,0.59,0.11,0.44,0.5,0.03,0.09,0.47,0.43,0.42,0.58,0.58,0.63,0.58,0.35,0.41,0.42,0.0,0.0,0.09,0.83,0.8,0.73,0.78,0.06,0.06,0.26,0.0,0.08
1883,10,0.02,0.44,0.1,0.76,0.49,0.14,0.35,0.35,0.2,0.24,0.04,1.0,0.63,0.69,0.27,0.58,0.27,0.24,0.54,0.63,0.53,0.54,0.48,0.25,0.37,0.53,0.01,0.13,0.09,0.14,0.53,0.22,0.71,0.26,0.42,0.22,0.6,0.61,0.3,0.63,0.64,0.47,0.68,0.71,0.73,0.53,0.46,0.57,0.01,0.15,0.02,0.2,0.3,0.29,0.34,0.13,0.17,0.15,0.16,0.81,0.08,0.17,0.17,0.49,0.53,0.38,0.68,0.12,0.41,0.5,0.02,0.86,0.65,0.08,0.15,0.81,0.08,0.15,0.5,0.53,0.51,0.57,0.58,0.73,0.59,0.58,0.77,0.17,0.0,0.0,0.27,0.52,0.38,0.37,0.66,0.03,0.16,0.17,0.0,0.11
1884,10,0.05,0.31,0.2,0.53,0.74,0.37,0.25,0.41,0.24,0.43,0.06,1.0,0.52,0.62,0.28,0.61,0.35,0.19,0.38,0.54,0.56,0.59,0.55,0.25,0.45,0.42,0.02,0.16,0.21,0.26,0.57,0.22,0.63,0.29,0.59,0.19,0.68,0.6,0.57,0.72,0.7,0.39,0.52,0.56,0.68,0.4,0.44,0.48,0.02,0.27,0.06,0.29,0.33,0.41,0.47,0.49,0.48,0.54,0.57,0.48,0.35,0.26,0.2,0.31,0.3,0.37,0.43,0.39,0.79,0.0,0.04,0.84,0.45,0.3,0.24,0.4,0.04,0.25,0.88,0.91,0.85,0.71,0.74,0.92,0.74,0.62,0.63,0.18,0.05,0.0,0.7,0.36,0.57,0.82,0.73,0.01,0.64,0.24,0.0,0.38
1885,10,0.04,0.52,0.06,0.91,0.19,0.02,0.36,0.48,0.26,0.17,0.05,0.91,0.66,0.87,0.11,0.66,0.23,0.03,0.28,0.63,0.51,0.49,0.58,0.45,0.33,0.56,0.01,0.04,0.1,0.15,0.6,0.09,0.8,0.32,0.45,0.14,0.63,0.33,0.37,0.38,0.37,0.58,0.85,0.88,0.94,0.77,0.43,0.49,0.0,0.08,0.01,0.39,0.36,0.37,0.37,0.15,0.12,0.12,0.11,0.87,0.06,0.2,0.2,0.57,0.65,0.27,0.8,0.04,0.29,0.5,0.04,0.8,0.73,0.06,0.24,0.85,0.01,0.13,0.37,0.36,0.33,0.69,0.65,0.76,0.67,0.53,0.6,0.46,0.0,0.0,0.16,0.37,0.5,0.44,0.53,0.08,0.1,0.31,0.0,0.08
1886,10,0.02,0.51,0.35,0.71,0.04,0.03,0.4,0.56,0.33,0.25,0.04,1.0,0.33,0.69,0.36,0.41,0.31,0.23,0.54,0.31,0.25,0.28,0.21,0.17,0.19,0.38,0.02,0.25,0.19,0.27,0.41,0.23,0.62,0.33,0.43,0.38,0.46,0.41,0.3,0.51,0.49,0.51,0.68,0.69,0.66,0.61,0.52,0.5,0.01,0.23,0.0,0.17,0.23,0.23,0.26,0.02,0.03,0.03,0.03,0.94,0.04,0.19,0.19,0.53,0.63,0.39,0.56,0.14,0.42,0.5,0.04,0.67,0.51,0.25,0.49,0.83,0.4,0.42,0.17,0.16,0.18,0.26,0.26,0.28,0.28,0.4,0.51,0.35,0.0,0.0,0.05,0.42,0.26,0.23,0.17,0.04,0.13,0.01,0.0,0.29
1887,10,0.05,0.55,0.19,0.59,0.22,0.43,0.38,0.51,0.29,0.38,0.06,1.0,0.28,0.51,0.1,0.31,0.48,0.57,0.64,0.26,0.22,0.23,0.27,0.16,0.24,0.29,0.05,0.39,0.29,0.43,0.15,0.67,0.31,0.23,0.24,0.45,0.28,0.56,0.32,0.63,0.62,0.59,0.59,0.58,0.67,0.51,0.19,0.11,0.03,0.3,0.03,0.45,0.51,0.51,0.56,0.36,0.36,0.32,0.33,0.66,0.25,0.43,0.41,0.59,0.55,0.63,0.5,0.39,0.52,0.5,0.07,0.64,0.52,0.16,0.28,0.92,0.27,0.11,0.24,0.23,0.21,0.41,0.39,0.43,0.39,0.69,0.77,0.28,0.01,0.24,0.33,0.46,0.15,0.22,0.56,0.12,0.08,0.01,0.0,0.36
1888,10,0.02,0.44,0.07,0.93,0.03,0.01,0.44,0.49,0.32,0.43,0.0,0.0,0.22,0.47,0.15,0.41,0.56,0.47,0.56,0.22,0.22,0.2,0.2,0.15,1.0,0.25,0.03,0.37,0.26,0.53,0.13,0.47,0.46,0.91,0.24,0.9,0.2,0.52,0.27,0.52,0.54,0.49,0.61,0.63,0.59,0.62,0.48,0.54,0.01,0.19,0.0,0.43,0.59,0.54,0.46,0.03,0.04,0.03,0.02,0.97,0.03,0.25,0.24,0.47,0.45,0.51,0.58,0.07,0.44,0.5,0.01,0.89,0.59,0.11,0.41,0.19,0.49,0.11,0.07,0.06,0.06,0.18,0.19,0.18,0.22,0.36,0.14,0.42,0.0,0.0,0.02,0.89,0.61,0.84,0.83,0.02,0.23,0.02,0.0,0.09
1889,10,0.01,0.62,0.12,0.62,0.01,0.61,0.66,0.58,0.44,0.38,0.0,0.0,0.2,0.49,1.0,0.36,0.5,0.38,0.14,0.2,0.2,0.25,0.14,0.18,0.6,0.24,0.02,0.51,0.59,0.62,0.2,0.43,0.41,0.04,0.5,0.48,0.3,0.37,0.35,0.34,0.37,0.67,0.72,0.67,0.71,0.72,0.44,0.4,0.0,0.12,0.0,0.11,0.17,0.19,0.23,0.02,0.03,0.03,0.04,0.5,0.25,0.45,0.44,0.62,0.59,0.64,0.65,0.4,0.47,0.5,0.03,0.49,0.67,0.3,0.65,0.56,0.76,0.39,0.04,0.05,0.07,0.11,0.15,0.17,0.15,0.58,0.35,0.4,0.0,0.0,0.09,0.86,0.54,0.71,0.9,0.03,0.12,0.02,0.0,0.1
1890,10,0.0,0.43,0.0,0.97,0.05,0.02,0.42,0.47,0.29,0.45,0.0,0.0,0.21,0.54,0.26,0.44,0.52,0.25,0.37,0.24,0.24,0.23,0.31,0.14,0.19,0.38,0.01,0.23,0.32,0.4,0.18,0.18,0.52,0.41,0.17,0.67,0.27,0.51,0.22,0.59,0.58,0.44,0.68,0.69,0.74,0.6,0.59,0.69,0.0,0.07,0.0,0.22,0.33,0.53,0.5,0.02,0.02,0.03,0.03,0.96,0.05,0.23,0.22,0.45,0.46,0.45,0.6,0.15,0.42,0.5,0.01,0.82,0.6,0.32,0.57,0.73,0.54,0.05,0.09,0.08,0.09,0.21,0.2,0.19,0.23,0.44,0.41,0.28,0.0,0.0,0.03,0.39,0.39,0.53,0.36,0.04,0.06,0.02,0.0,0.05
1891,10,0.21,0.39,0.06,0.8,0.25,0.2,0.63,0.81,0.67,0.18,0.22,1.0,0.33,0.78,0.3,0.49,0.19,0.15,0.29,0.39,0.36,0.37,0.28,0.14,0.23,0.38,0.17,0.35,0.11,0.15,0.6,0.3,0.68,0.35,0.48,0.24,0.57,0.46,0.81,0.54,0.52,0.46,0.6,0.64,0.68,0.61,0.49,0.54,0.05,0.22,0.07,0.59,0.69,0.72,0.7,0.3,0.31,0.29,0.26,0.78,0.1,0.26,0.19,0.38,0.51,0.3,0.45,0.21,0.59,0.0,0.31,0.6,0.4,0.05,0.24,0.77,0.24,0.13,0.21,0.2,0.2,0.4,0.38,0.44,0.38,0.67,0.46,0.28,0.03,0.0,0.21,0.21,0.25,0.44,0.17,0.11,0.3,0.08,0.48,0.23
1892,10,0.12,0.3,0.02,0.88,0.4,0.02,0.28,0.54,0.34,0.55,0.13,1.0,0.4,0.53,0.12,0.5,0.55,0.33,0.6,0.45,0.42,0.42,0.33,0.21,0.26,0.39,0.05,0.17,0.19,0.28,0.37,0.44,0.57,0.21,0.49,0.25,0.47,0.38,0.65,0.35,0.38,0.45,0.61,0.65,0.76,0.63,0.44,0.47,0.03,0.17,0.06,0.41,0.45,0.53,0.51,0.32,0.31,0.33,0.29,0.79,0.19,0.28,0.21,0.31,0.49,0.2,0.44,0.1,0.71,0.0,0.11,0.8,0.36,0.11,0.49,0.1,0.07,0.17,0.42,0.4,0.37,0.47,0.58,0.65,0.57,0.49,0.44,0.57,0.04,0.01,0.33,0.79,0.65,0.63,0.75,0.05,0.42,1.0,0.0,0.15
1893,10,0.03,0.35,0.1,0.91,0.02,0.0,0.38,0.44,0.28,0.56,0.04,1.0,0.17,0.3,0.16,0.4,0.67,0.6,0.8,0.19,0.18,0.18,0.13,0.1,0.43,0.35,0.04,0.44,0.29,0.54,0.11,0.57,0.28,0.68,0.3,0.64,0.18,0.6,0.35,0.56,0.6,0.42,0.47,0.51,0.38,0.49,0.24,0.33,0.02,0.35,0.0,0.11,0.08,0.07,0.11,0.01,0.01,0.01,0.01,0.94,0.03,0.19,0.17,0.38,0.4,0.38,0.58,0.06,0.48,0.5,0.03,0.79,0.57,0.26,0.54,0.21,0.3,0.28,0.06,0.05,0.05,0.12,0.16,0.16,0.18,0.51,0.18,0.42,0.0,0.0,0.04,0.83,0.68,0.91,0.89,0.02,0.3,0.11,0.0,0.3
1894,10,0.03,0.46,0.04,0.95,0.05,0.06,0.36,0.49,0.28,0.39,0.05,1.0,0.47,0.66,0.08,0.55,0.44,0.15,0.57,0.48,0.4,0.38,0.42,0.15,0.24,0.44,0.01,0.1,0.32,0.37,0.26,0.3,0.66,0.69,0.33,0.5,0.37,0.37,0.39,0.37,0.38,0.54,0.77,0.78,0.84,0.71,0.55,0.61,0.01,0.13,0.02,0.31,0.31,0.32,0.33,0.2,0.17,0.16,0.15,0.74,0.14,0.2,0.19,0.51,0.58,0.35,0.66,0.08,0.5,0.5,0.03,0.81,0.61,0.06,0.56,0.5,0.05,0.0,0.38,0.35,0.32,0.39,0.43,0.48,0.48,0.35,0.65,0.6,0.01,0.0,0.26,0.72,0.61,0.72,0.75,0.05,0.16,0.04,0.0,0.03
1895,10,0.01,0.53,0.05,0.96,0.02,0.0,0.41,0.34,0.23,0.54,0.02,0.74,0.35,0.45,0.59,0.53,0.59,0.24,0.8,0.33,0.31,0.28,0.34,0.09,1.0,0.2,0.01,0.22,0.28,0.44,0.2,0.32,0.36,0.57,0.4,0.52,0.43,0.37,0.24,0.31,0.35,0.42,0.77,0.74,0.69,0.56,0.66,0.63,0.0,0.09,0.0,0.09,0.07,0.16,0.14,0.01,0.0,0.01,0.01,0.97,0.03,0.14,0.17,0.51,0.49,0.47,0.82,0.05,0.33,0.5,0.01,0.92,0.82,0.17,0.51,0.38,0.14,0.78,0.11,0.12,0.13,0.09,0.15,0.17,0.18,0.37,0.18,0.28,0.0,0.0,0.02,0.84,0.74,0.89,0.88,0.1,0.03,0.01,0.0,0.19
1896,10,0.01,0.41,0.01,0.99,0.02,0.02,0.33,0.39,0.25,0.55,0.03,1.0,0.48,0.52,0.24,0.63,0.63,0.14,0.62,0.48,0.47,0.45,0.14,0.47,0.24,0.55,0.0,0.07,0.21,0.31,0.31,0.25,0.51,0.19,0.48,0.23,0.43,0.33,0.4,0.38,0.37,0.45,0.74,0.74,0.87,0.57,0.36,0.44,0.0,0.07,0.0,0.03,0.11,0.12,0.12,0.01,0.02,0.02,0.02,0.92,0.04,0.17,0.16,0.44,0.44,0.38,0.75,0.05,0.42,0.5,0.05,0.47,0.74,0.02,0.67,0.48,0.04,0.2,0.4,0.38,0.38,0.67,0.64,0.73,0.71,0.72,0.69,1.0,0.01,0.0,0.09,0.83,0.8,0.77,0.9,0.01,0.43,0.1,0.0,0.04
1897,10,0.04,0.53,0.01,0.95,0.19,0.02,0.38,0.45,0.29,0.29,0.05,1.0,0.7,0.8,0.32,0.7,0.34,0.16,0.48,0.67,0.57,0.56,0.55,0.09,0.48,0.42,0.01,0.05,0.08,0.14,0.61,0.31,0.73,0.63,0.45,0.18,0.71,0.23,0.42,0.3,0.27,0.54,0.83,0.84,0.86,0.75,0.5,0.68,0.0,0.05,0.01,0.25,0.29,0.36,0.41,0.11,0.11,0.12,0.12,0.87,0.05,0.2,0.22,0.58,0.6,0.35,0.85,0.04,0.33,0.5,0.02,0.91,0.81,0.19,0.51,0.54,0.01,0.03,0.49,0.45,0.43,0.62,0.66,0.78,0.63,0.34,0.39,0.37,0.0,0.0,0.17,0.75,0.78,0.83,0.75,0.06,0.12,0.07,0.0,0.15
1898,10,0.0,0.42,0.02,0.95,0.05,0.05,0.39,0.48,0.28,0.45,0.0,0.0,0.3,0.61,0.44,0.48,0.54,0.2,0.38,0.32,0.32,0.32,0.26,0.19,0.16,0.39,0.01,0.22,0.28,0.4,0.28,0.17,0.58,0.92,0.25,0.69,0.32,0.47,0.29,0.55,0.54,0.48,0.66,0.69,0.63,0.66,0.52,0.58,0.01,0.21,0.0,0.27,0.61,0.5,0.58,0.04,0.08,0.06,0.06,0.93,0.06,0.26,0.24,0.43,0.48,0.34,0.61,0.12,0.5,0.5,0.01,0.75,0.58,0.05,0.32,0.35,0.45,0.29,0.09,0.09,0.11,0.2,0.22,0.22,0.26,0.37,0.19,0.33,0.01,0.0,0.06,0.71,0.54,0.77,0.77,0.03,0.1,0.02,0.0,0.01
1899,10,0.0,1.0,0.0,0.98,0.05,0.04,0.73,0.51,0.28,0.08,0.02,1.0,0.53,0.87,0.96,0.48,0.19,0.13,0.31,0.46,0.19,0.18,0.0,0.24,0.25,0.22,0.0,0.07,0.05,0.13,0.36,0.15,0.7,0.32,0.39,0.32,0.46,0.06,0.34,0.09,0.08,1.0,0.99,0.98,0.96,0.94,0.27,0.36,0.0,0.04,0.0,0.0,0.0,0.0,0.06,0.0,0.0,0.0,0.0,0.96,0.05,1.0,1.0,1.0,1.0,1.0,0.94,0.22,0.08,1.0,0.0,0.96,0.93,0.55,0.78,0.83,0.04,0.24,0.22,0.2,0.2,0.24,0.3,0.44,0.4,0.22,0.58,0.37,0.0,0.0,0.03,0.79,0.54,0.84,0.78,0.06,0.05,0.07,0.0,0.08
1900,10,0.02,0.55,0.27,0.78,0.04,0.01,0.5,0.48,0.3,0.28,0.03,1.0,0.34,0.65,0.26,0.41,0.41,0.26,0.67,0.34,0.25,0.27,0.18,0.49,0.18,0.33,0.02,0.29,0.29,0.43,0.29,0.31,0.58,0.38,0.28,0.39,0.35,0.36,0.28,0.42,0.41,0.55,0.71,0.67,0.82,0.53,0.56,0.66,0.01,0.18,0.0,0.09,0.11,0.09,0.07,0.01,0.01,0.01,0.01,0.98,0.01,0.24,0.26,0.6,0.55,0.68,0.72,0.12,0.18,0.5,0.02,0.82,0.75,0.17,0.52,0.67,0.29,0.53,0.12,0.11,0.11,0.11,0.21,0.27,0.27,0.33,0.2,0.32,0.0,0.0,0.04,0.65,0.53,0.49,0.52,0.05,0.09,0.01,0.0,0.5
1901,10,0.01,0.47,0.03,0.88,0.01,0.03,0.46,0.45,0.24,0.34,0.02,1.0,0.28,0.58,0.5,0.38,0.42,0.26,0.44,0.3,0.25,0.25,0.17,0.14,0.1,0.18,0.01,0.21,0.25,0.43,0.22,0.32,0.55,0.54,0.31,0.47,0.37,0.53,0.21,0.68,0.64,0.49,0.67,0.66,0.82,0.66,0.47,0.63,0.0,0.07,0.0,0.25,0.19,0.15,0.13,0.01,0.01,0.0,0.0,0.98,0.01,0.15,0.16,0.5,0.49,0.48,0.66,0.1,0.41,0.5,0.03,0.58,0.66,0.36,0.83,0.67,0.32,0.19,0.09,0.09,0.09,0.13,0.17,0.21,0.19,0.26,0.32,0.35,0.01,0.0,0.01,0.71,0.49,0.66,0.76,0.05,0.07,0.01,0.0,0.16
1902,10,0.0,0.65,0.03,0.72,0.16,0.53,0.45,0.49,0.26,0.23,0.0,0.0,0.41,0.71,0.92,0.35,0.27,0.18,0.41,0.37,0.3,0.32,0.18,0.62,0.44,0.32,0.01,0.16,0.38,0.39,0.28,0.54,0.57,0.26,0.42,0.43,0.33,0.43,0.33,0.45,0.45,0.65,0.7,0.72,0.86,0.51,0.43,0.53,0.0,0.17,0.01,0.19,0.33,0.42,0.43,0.18,0.27,0.32,0.29,0.53,0.47,0.4,0.43,0.71,0.65,0.77,0.57,0.45,0.34,0.5,0.01,0.85,0.6,0.0,0.09,0.73,0.15,0.2,0.34,0.34,0.32,0.44,0.44,0.51,0.43,0.44,0.61,0.17,0.0,0.0,0.4,0.56,0.54,0.64,0.79,0.01,0.23,0.01,0.0,0.16
1903,10,0.04,0.28,0.07,0.84,0.27,0.07,0.37,0.67,0.42,0.18,0.06,1.0,0.34,0.78,0.04,0.44,0.2,0.26,0.35,0.35,0.37,0.37,0.32,0.2,0.34,0.52,0.03,0.22,0.12,0.21,0.33,0.23,0.77,0.7,0.17,0.42,0.39,0.85,0.53,0.84,0.87,0.37,0.45,0.51,0.56,0.5,0.45,0.54,0.02,0.24,0.01,0.27,0.28,0.34,0.43,0.09,0.09,0.09,0.11,0.9,0.07,0.17,0.13,0.31,0.4,0.31,0.2,0.21,0.77,0.0,0.06,0.72,0.19,0.06,0.04,0.81,0.19,0.22,0.24,0.24,0.24,0.43,0.41,0.45,0.4,0.32,0.37,0.24,0.0,0.16,0.14,0.42,0.2,0.44,0.33,0.05,0.17,0.26,0.0,0.22
1904,10,0.05,0.35,0.05,0.9,0.15,0.08,0.4,0.53,0.31,0.11,0.07,1.0,0.51,0.91,0.29,0.52,0.11,0.05,0.21,0.58,0.51,0.49,0.43,0.35,0.49,0.48,0.01,0.08,0.05,0.09,0.55,0.17,0.86,0.34,0.25,0.16,0.56,0.58,0.33,0.62,0.63,0.45,0.77,0.81,0.83,0.72,0.6,0.65,0.01,0.09,0.01,0.46,0.41,0.46,0.52,0.13,0.1,0.11,0.11,0.88,0.05,0.12,0.11,0.39,0.6,0.18,0.55,0.09,0.48,0.5,0.07,0.74,0.45,0.01,0.1,0.88,0.1,0.0,0.23,0.21,0.23,0.36,0.33,0.38,0.33,0.22,0.46,0.22,0.0,0.0,0.12,0.43,0.31,0.41,0.47,0.03,0.37,0.0,0.0,0.08
1905,10,0.06,0.08,0.05,0.94,0.05,0.1,0.03,0.14,0.08,1.0,0.07,1.0,0.25,0.0,0.11,0.66,1.0,0.14,0.77,0.26,0.44,0.43,0.37,0.1,0.26,0.45,0.02,0.14,0.24,0.41,0.21,0.35,0.01,0.19,0.29,0.19,0.38,0.31,0.12,0.28,0.3,0.0,0.66,0.66,0.83,0.52,0.51,0.59,0.0,0.04,0.04,0.14,0.17,0.18,0.21,0.13,0.14,0.14,0.15,0.74,0.11,0.0,0.01,0.08,0.04,0.25,0.72,0.07,0.94,0.0,0.17,0.48,0.76,0.03,0.39,0.81,0.05,0.09,0.17,0.15,0.15,0.6,0.53,0.56,0.55,0.66,0.58,0.32,0.0,0.0,0.4,0.0,0.46,0.54,0.35,0.03,0.33,0.04,0.0,0.14
1906,10,0.01,0.37,0.03,0.62,1.0,0.21,0.25,0.46,0.26,0.46,0.02,1.0,0.4,0.61,0.22,0.5,0.44,0.12,0.34,0.45,0.44,0.45,0.33,0.0,0.38,0.46,0.01,0.19,0.36,0.37,0.42,0.32,0.54,0.41,0.28,0.37,0.47,0.34,0.49,0.3,0.32,0.48,0.79,0.8,0.86,0.67,0.22,0.15,0.0,0.07,0.04,0.67,0.73,0.69,0.67,1.0,1.0,1.0,1.0,0.17,0.69,0.21,0.19,0.41,0.57,0.36,0.26,0.31,0.72,0.0,0.01,0.84,0.22,0.03,0.51,0.38,0.05,0.0,0.56,0.55,0.52,0.61,0.64,0.81,0.64,0.56,0.68,0.64,0.0,0.0,1.0,0.34,0.61,0.51,0.34,0.0,1.0,0.93,0.0,0.05
1907,10,0.42,0.3,0.58,0.53,0.04,0.01,0.38,0.47,0.3,0.54,0.43,1.0,0.14,0.35,0.25,0.35,0.61,0.56,0.52,0.18,0.22,0.27,0.18,0.13,0.17,0.31,0.54,0.6,0.44,0.57,0.26,0.54,0.34,0.36,0.53,0.48,0.36,0.78,0.55,0.74,0.79,0.42,0.21,0.22,0.29,0.24,0.51,0.54,0.45,0.71,0.03,0.64,0.63,0.65,0.62,0.07,0.06,0.05,0.05,0.96,0.03,0.25,0.19,0.29,0.35,0.27,0.46,0.15,0.69,0.0,0.58,0.64,0.45,1.0,0.6,0.17,0.47,0.33,0.05,0.05,0.07,0.1,0.15,0.16,0.14,0.49,0.23,0.39,0.47,0.08,0.04,0.83,0.62,0.87,0.8,0.18,0.36,0.48,0.05,0.41
1908,10,0.04,0.35,0.02,0.96,0.06,0.01,0.44,0.58,0.44,0.42,0.05,1.0,0.22,0.52,0.28,0.47,0.46,0.45,0.44,0.27,0.28,0.27,0.26,0.23,0.3,0.28,0.04,0.39,0.2,0.27,0.39,0.35,0.5,0.14,0.69,0.26,0.49,0.6,0.55,0.7,0.69,0.34,0.46,0.52,0.57,0.59,0.61,0.58,0.02,0.24,0.01,0.25,0.27,0.24,0.25,0.06,0.06,0.05,0.04,0.91,0.03,0.13,0.11,0.29,0.38,0.27,0.39,0.06,0.61,0.0,0.05,0.73,0.36,0.1,0.24,0.04,0.23,0.36,0.16,0.15,0.15,0.25,0.3,0.33,0.27,0.5,0.3,0.57,0.03,0.0,0.1,0.72,0.38,0.57,0.59,0.1,0.08,0.09,0.0,0.09
1909,10,0.0,0.58,0.02,0.96,0.04,0.09,0.42,0.53,0.3,0.34,0.02,1.0,0.33,0.58,0.17,0.22,0.48,0.34,0.38,0.34,0.24,0.23,0.19,0.27,0.2,0.39,0.01,0.24,0.36,0.64,0.06,0.76,0.43,0.3,0.29,0.62,0.17,0.45,0.51,0.51,0.5,0.66,0.55,0.57,0.55,0.63,0.58,0.5,0.01,0.36,0.0,0.03,0.11,0.11,0.21,0.01,0.03,0.02,0.04,0.89,0.09,0.41,0.38,0.6,0.68,0.48,0.54,0.22,0.63,0.0,0.02,0.61,0.5,0.64,0.75,0.27,0.21,0.36,0.27,0.26,0.24,0.4,0.48,0.54,0.51,0.69,0.8,1.0,0.07,0.0,0.11,0.69,0.61,0.65,0.79,0.0,0.86,0.61,0.0,0.26
1910,10,0.2,0.94,0.28,0.34,0.41,0.95,0.51,0.64,0.43,0.19,0.21,1.0,0.34,0.67,0.18,0.25,0.29,0.63,0.29,0.31,0.19,0.23,0.27,0.2,0.25,0.25,0.22,0.49,0.75,0.71,0.2,0.6,0.47,0.61,0.26,0.73,0.27,0.44,0.65,0.54,0.51,1.0,0.57,0.49,0.61,0.53,0.31,0.22,0.15,0.58,0.28,0.49,0.56,0.61,0.67,1.0,1.0,1.0,1.0,0.13,1.0,1.0,1.0,0.98,0.9,1.0,0.44,1.0,0.62,0.0,0.11,0.8,0.48,0.32,0.21,0.5,0.34,0.25,0.33,0.32,0.33,0.5,0.49,0.57,0.49,0.82,0.8,0.21,0.12,0.01,0.94,0.43,0.34,0.67,0.66,0.06,0.48,0.18,0.42,0.67
1911,10,0.02,0.4,0.14,0.88,0.05,0.02,0.3,0.29,0.14,0.56,0.04,1.0,0.49,0.49,0.29,0.78,0.61,0.12,0.57,0.52,0.52,0.53,0.21,0.21,0.18,0.75,0.01,0.09,0.12,0.16,0.77,0.19,0.52,0.32,0.71,0.13,0.81,0.24,0.27,0.32,0.3,0.44,0.8,0.82,0.92,0.72,0.66,0.59,0.0,0.08,0.0,0.8,0.79,0.68,0.62,0.12,0.11,0.08,0.07,0.96,0.02,0.17,0.17,0.41,0.44,0.16,0.88,0.03,0.4,0.5,0.02,0.83,0.84,0.1,0.51,0.1,0.05,0.09,0.22,0.21,0.26,0.34,0.4,0.57,0.42,0.52,0.33,0.35,0.0,0.0,0.06,0.68,0.79,0.73,0.77,0.01,0.33,0.12,0.0,0.05
1912,10,0.0,0.37,0.11,0.9,0.04,0.0,0.52,0.54,0.44,0.48,0.0,0.0,0.23,0.45,0.51,0.45,0.56,0.52,0.58,0.28,0.24,0.24,0.23,0.06,0.16,0.31,0.01,0.39,0.29,0.38,0.27,0.41,0.47,0.44,0.51,0.61,0.39,0.5,0.43,0.59,0.58,0.4,0.53,0.59,0.66,0.61,0.58,0.68,0.0,0.15,0.0,0.37,0.44,0.44,0.48,0.03,0.03,0.03,0.03,0.97,0.01,0.1,0.09,0.33,0.42,0.27,0.48,0.06,0.55,0.0,0.01,0.84,0.44,0.11,0.45,0.42,0.51,0.39,0.1,0.09,0.09,0.1,0.18,0.19,0.17,0.4,0.13,0.4,0.01,0.0,0.03,0.86,0.51,0.65,0.78,0.01,0.19,0.03,0.0,0.17
1913,10,0.03,0.45,0.06,0.82,0.25,0.15,0.4,0.52,0.29,0.19,0.0,0.0,0.45,0.79,0.18,0.54,0.19,0.21,0.55,0.44,0.38,0.38,0.29,0.17,0.35,0.32,0.02,0.18,0.12,0.21,0.43,0.27,0.72,0.15,0.38,0.16,0.7,0.62,0.33,0.54,0.6,0.52,0.7,0.71,0.67,0.54,0.57,0.57,0.01,0.13,0.01,0.45,0.5,0.48,0.52,0.23,0.22,0.19,0.19,0.84,0.08,0.28,0.27,0.5,0.48,0.52,0.5,0.2,0.4,0.5,0.05,0.68,0.52,0.04,0.18,0.77,0.23,0.06,0.2,0.18,0.17,0.42,0.4,0.43,0.41,0.34,0.34,0.39,0.0,0.0,0.21,0.4,0.24,0.32,0.37,0.06,0.11,0.02,0.0,0.29
1914,10,0.0,0.1,0.06,0.93,0.03,0.04,0.12,0.2,0.12,1.0,0.02,1.0,0.16,0.0,0.27,0.6,1.0,0.2,0.89,0.21,0.3,0.29,0.17,0.22,0.2,0.4,0.01,0.26,0.3,0.48,0.23,0.35,0.13,0.24,0.39,0.42,0.3,0.74,0.25,0.61,0.69,0.1,0.4,0.42,0.54,0.52,0.86,0.86,0.0,0.07,0.01,0.11,0.14,0.18,0.19,0.07,0.08,0.1,0.09,0.81,0.12,0.04,0.04,0.1,0.07,0.19,0.64,0.07,0.88,0.0,0.06,0.26,0.66,0.04,0.33,0.44,0.23,0.06,0.09,0.07,0.07,0.28,0.27,0.27,0.29,0.7,0.54,0.29,0.0,0.0,0.28,0.1,0.55,0.61,0.45,0.01,0.35,0.08,0.0,0.54
1915,10,0.01,0.65,0.1,0.89,0.11,0.02,0.4,0.39,0.3,0.45,0.02,1.0,0.65,0.7,0.1,0.78,0.58,0.17,0.7,0.58,0.49,0.48,0.35,0.28,0.28,0.65,0.0,0.05,0.17,0.23,0.45,0.22,0.53,0.43,0.4,0.19,0.57,0.11,0.4,0.14,0.13,0.6,0.91,0.86,0.93,0.82,0.44,0.53,0.0,0.05,0.0,0.02,0.16,0.17,0.29,0.01,0.04,0.04,0.06,0.86,0.06,0.29,0.33,0.71,0.67,0.61,0.99,0.04,0.05,0.5,0.0,0.94,0.99,0.21,0.5,0.48,0.03,0.0,0.36,0.36,0.33,0.42,0.54,0.7,0.62,0.74,0.36,0.26,0.0,0.0,0.12,0.35,0.96,0.83,0.79,0.02,0.16,0.17,0.0,0.1
1916,10,0.02,1.0,0.01,0.48,0.32,1.0,0.66,0.75,0.55,0.14,0.03,1.0,0.25,0.75,0.13,0.1,0.28,0.75,0.24,0.2,0.1,0.11,0.09,0.21,0.24,0.26,0.04,0.56,1.0,1.0,0.03,0.79,0.41,0.98,0.06,1.0,0.05,0.33,0.74,0.41,0.38,1.0,0.57,0.45,0.58,0.55,0.26,0.11,0.04,0.78,0.06,0.36,0.44,0.52,0.6,1.0,1.0,1.0,1.0,0.0,1.0,1.0,1.0,1.0,1.0,1.0,0.27,1.0,0.74,0.0,0.0,0.96,0.37,0.41,0.51,0.44,0.43,0.86,0.41,0.41,0.37,0.46,0.51,0.57,0.49,0.74,0.37,0.18,0.0,0.19,1.0,0.41,0.59,0.84,0.74,0.01,0.6,0.27,0.0,0.63
1917,10,0.0,0.37,0.11,0.9,0.04,0.02,0.56,0.71,0.57,0.43,0.0,0.0,0.32,0.52,0.06,0.51,0.5,0.2,0.37,0.38,0.31,0.31,0.22,0.22,0.37,0.27,0.01,0.21,0.32,0.42,0.34,0.19,0.55,0.31,0.45,0.35,0.42,0.6,0.55,0.66,0.66,0.35,0.46,0.53,0.68,0.36,0.68,0.67,0.0,0.2,0.0,0.58,0.43,0.38,0.41,0.07,0.04,0.03,0.03,0.95,0.02,0.11,0.1,0.29,0.41,0.26,0.33,0.06,0.55,0.5,0.01,0.8,0.3,0.03,0.31,0.73,0.14,0.0,0.24,0.2,0.2,0.31,0.34,0.37,0.35,0.45,0.58,0.21,0.01,0.0,0.04,0.68,0.3,0.46,0.64,0.01,0.2,0.04,0.0,0.2
1918,10,0.01,0.43,0.12,0.74,0.02,0.27,0.55,0.51,0.41,0.58,0.0,0.0,0.1,0.28,0.74,0.33,0.72,0.56,0.38,0.13,0.14,0.15,0.14,0.11,0.09,0.18,0.04,0.63,0.56,0.62,0.23,0.64,0.23,0.46,0.49,0.59,0.27,0.54,0.41,0.56,0.57,0.45,0.55,0.49,0.48,0.56,0.37,0.34,0.01,0.2,0.0,0.2,0.36,0.41,0.46,0.05,0.08,0.08,0.08,0.79,0.13,0.25,0.22,0.38,0.36,0.43,0.55,0.22,0.6,0.0,0.06,0.41,0.57,0.26,0.72,0.33,0.76,0.26,0.02,0.02,0.04,0.09,0.14,0.14,0.14,0.58,0.42,0.51,0.0,0.0,0.1,0.84,0.49,0.61,0.83,0.03,0.13,0.03,0.0,0.29
1919,10,0.01,0.52,0.29,0.68,0.04,0.26,0.34,0.47,0.27,0.42,0.02,1.0,0.35,0.49,0.0,0.41,0.53,0.33,0.59,0.37,0.29,0.31,0.25,0.36,0.22,0.33,0.01,0.3,0.44,0.51,0.24,0.46,0.42,0.53,0.33,0.43,0.32,0.43,0.57,0.48,0.47,0.55,0.51,0.52,0.67,0.41,0.51,0.49,0.02,0.59,0.01,0.2,0.39,0.4,0.41,0.1,0.17,0.16,0.15,0.72,0.17,0.32,0.29,0.5,0.54,0.46,0.52,0.19,0.5,0.5,0.02,0.76,0.51,0.34,0.62,0.08,0.42,0.0,0.31,0.28,0.25,0.3,0.39,0.45,0.38,0.53,0.68,0.72,0.03,0.0,0.2,0.81,0.61,0.66,0.8,0.01,0.23,0.23,0.0,0.27
1920,10,0.01,0.78,0.05,0.48,0.06,1.0,0.56,0.6,0.38,0.17,0.02,1.0,0.2,0.68,0.24,0.16,0.34,0.43,0.23,0.17,0.11,0.14,0.07,0.24,0.15,0.23,0.03,0.57,0.98,0.93,0.04,0.54,0.47,0.3,0.07,0.66,0.07,0.56,0.42,0.64,0.62,0.91,0.63,0.61,0.62,0.63,0.17,0.08,0.01,0.17,0.02,0.24,0.36,0.42,0.64,0.38,0.5,0.53,0.74,0.02,0.95,0.84,0.83,0.85,0.78,0.91,0.42,1.0,0.67,0.0,0.03,0.56,0.47,0.34,0.76,0.56,0.88,0.26,0.05,0.04,0.03,0.2,0.2,0.21,0.17,0.34,0.42,0.43,0.0,0.0,0.67,0.62,0.47,0.82,0.82,0.01,0.39,0.07,0.0,0.13
1921,10,0.02,0.82,0.28,0.38,1.0,0.3,0.48,0.52,0.27,0.07,0.04,1.0,0.48,0.79,0.15,0.33,0.16,0.51,0.45,0.42,0.25,0.29,0.32,0.24,0.2,0.32,0.02,0.24,0.24,0.29,0.19,0.47,0.63,0.29,0.25,0.38,0.27,0.42,0.34,0.5,0.48,0.85,0.71,0.69,0.73,0.66,0.45,0.43,0.01,0.21,0.03,0.38,0.49,0.51,0.64,0.44,0.51,0.47,0.55,0.57,0.34,0.63,0.67,0.9,0.88,0.88,0.57,0.45,0.27,0.5,0.02,0.83,0.59,1.0,0.16,0.85,0.23,0.31,0.4,0.34,0.29,0.48,0.48,0.64,0.52,0.86,0.84,0.21,0.0,0.0,0.5,0.46,0.16,0.2,0.54,0.01,0.53,0.11,0.0,0.16
1922,10,0.12,0.35,0.04,0.66,0.14,0.58,0.32,0.54,0.38,0.49,0.14,1.0,0.36,0.48,0.42,0.57,0.49,0.28,0.44,0.4,0.47,0.55,0.3,0.22,0.35,0.3,0.1,0.33,0.35,0.35,0.53,0.26,0.58,0.24,0.53,0.22,0.5,0.59,0.68,0.68,0.66,0.43,0.52,0.5,0.66,0.5,0.54,0.53,0.05,0.3,0.13,0.52,0.57,0.6,0.62,0.82,0.79,0.76,0.72,0.48,0.58,0.51,0.36,0.35,0.37,0.39,0.26,0.49,0.76,0.0,0.1,0.81,0.27,0.04,0.19,0.42,0.15,0.47,0.9,0.96,1.0,0.66,0.67,0.87,0.65,0.81,0.87,0.14,0.18,0.11,0.67,0.39,0.37,0.57,0.59,0.05,0.38,0.22,0.37,0.32
1923,10,0.07,0.66,0.02,0.67,1.0,0.15,0.53,0.54,0.41,0.2,0.08,1.0,0.73,0.78,0.36,0.66,0.22,0.21,0.37,0.68,0.53,0.56,0.57,0.29,0.37,0.53,0.02,0.08,0.13,0.17,0.5,0.21,0.7,0.49,0.32,0.18,0.62,0.36,0.5,0.45,0.42,0.66,0.78,0.76,0.88,0.73,0.43,0.51,0.01,0.11,0.07,0.25,0.35,0.41,0.49,0.34,0.42,0.44,0.48,0.59,0.27,0.43,0.45,0.72,0.74,0.58,0.74,0.26,0.25,0.5,0.03,0.89,0.72,0.01,0.14,0.67,0.02,0.07,0.82,0.78,0.77,0.92,0.88,1.0,0.87,0.62,0.52,0.24,0.0,0.01,0.58,0.4,0.62,0.71,0.69,0.02,0.5,0.05,0.0,0.11
1924,10,0.15,0.55,0.02,0.86,0.29,0.18,0.45,0.46,0.32,0.27,0.17,1.0,0.74,0.72,0.27,0.65,0.28,0.15,0.39,0.72,0.64,0.63,0.79,0.34,0.5,0.48,0.04,0.1,0.11,0.15,0.57,0.2,0.69,0.39,0.39,0.15,0.65,0.4,0.42,0.49,0.46,0.52,0.79,0.8,0.86,0.76,0.41,0.45,0.02,0.12,0.09,0.36,0.42,0.46,0.49,0.35,0.35,0.35,0.34,0.75,0.19,0.26,0.27,0.58,0.57,0.55,0.7,0.17,0.3,0.5,0.07,0.89,0.7,0.0,0.23,0.73,0.04,0.07,0.79,0.81,0.83,0.88,0.87,1.0,0.87,0.68,0.81,0.31,0.0,0.0,0.4,0.4,0.44,0.44,0.63,0.14,0.18,0.02,0.0,0.13
1925,10,0.03,0.76,0.09,0.39,0.15,1.0,0.56,0.55,0.34,0.23,0.0,0.0,0.22,0.53,0.48,0.19,0.38,0.83,0.33,0.22,0.16,0.23,0.2,0.15,0.25,0.23,0.06,0.62,0.8,0.72,0.2,0.98,0.3,0.12,0.51,0.36,0.4,0.43,0.43,0.56,0.52,0.88,0.56,0.55,0.51,0.62,0.18,0.14,0.03,0.36,0.06,0.32,0.36,0.39,0.41,0.66,0.65,0.63,0.62,0.0,0.96,0.72,0.7,0.8,0.81,0.77,0.4,0.99,0.62,0.0,0.03,0.8,0.41,0.2,0.34,0.67,0.33,0.22,0.17,0.16,0.15,0.24,0.28,0.32,0.3,0.77,0.46,0.26,0.03,0.0,0.87,0.48,0.48,0.65,0.67,0.02,0.42,0.03,0.0,0.29
1926,10,0.01,0.36,0.01,0.97,0.04,0.04,0.35,0.47,0.28,0.47,0.03,1.0,0.3,0.54,0.11,0.63,0.56,0.27,0.73,0.3,0.27,0.26,0.03,0.15,0.28,0.26,0.01,0.15,0.3,0.39,0.13,0.28,0.57,0.61,0.34,0.6,0.27,0.51,0.43,0.43,0.48,0.44,0.62,0.67,0.74,0.61,0.8,0.76,0.01,0.16,0.0,0.14,0.15,0.26,0.24,0.03,0.03,0.05,0.04,0.88,0.06,0.13,0.13,0.4,0.49,0.3,0.55,0.08,0.48,0.5,0.01,0.92,0.5,0.08,0.47,0.31,0.14,0.49,0.14,0.12,0.09,0.26,0.27,0.29,0.26,0.3,0.41,0.51,0.0,0.0,0.1,0.89,0.72,0.94,0.88,0.01,0.33,0.26,0.0,0.09
1927,10,0.02,0.45,0.06,0.91,0.14,0.06,0.38,0.57,0.35,0.15,0.03,0.85,0.56,0.87,0.23,0.6,0.18,0.06,0.22,0.54,0.5,0.49,0.45,0.47,0.37,0.52,0.0,0.06,0.11,0.17,0.48,0.18,0.83,0.39,0.29,0.26,0.54,0.42,0.42,0.4,0.42,0.55,0.82,0.85,0.86,0.73,0.36,0.54,0.0,0.09,0.01,0.36,0.42,0.47,0.47,0.22,0.23,0.23,0.21,0.84,0.11,0.16,0.16,0.49,0.76,0.24,0.53,0.06,0.59,0.0,0.03,0.75,0.41,0.08,0.34,0.69,0.05,0.13,0.45,0.44,0.39,0.71,0.59,0.6,0.57,0.27,0.71,1.0,0.0,0.0,0.26,0.61,0.54,0.55,0.65,0.09,0.06,0.07,0.0,0.08
1928,10,0.02,0.46,0.33,0.71,0.06,0.03,0.5,0.57,0.38,0.21,0.04,1.0,0.35,0.8,0.42,0.43,0.26,0.18,0.44,0.36,0.31,0.31,0.33,0.28,0.27,0.36,0.01,0.16,0.13,0.23,0.27,0.28,0.74,0.37,0.34,0.39,0.34,0.6,0.43,0.65,0.65,0.51,0.58,0.59,0.7,0.5,0.84,0.84,0.01,0.28,0.0,0.13,0.21,0.2,0.19,0.02,0.02,0.02,0.02,0.92,0.07,0.25,0.24,0.49,0.57,0.36,0.59,0.11,0.43,0.5,0.05,0.58,0.54,0.12,0.26,0.63,0.19,0.1,0.12,0.11,0.1,0.26,0.25,0.26,0.25,0.39,0.2,0.19,0.0,0.0,0.05,0.57,0.51,0.63,0.6,0.04,0.14,0.04,0.0,0.17
1929,10,0.01,0.31,0.21,0.82,0.06,0.02,0.32,0.52,0.3,0.32,0.02,1.0,0.39,0.73,0.29,0.59,0.36,0.1,0.51,0.4,0.37,0.36,0.42,0.17,0.21,0.6,0.01,0.1,0.2,0.29,0.32,0.21,0.73,0.59,0.27,0.28,0.47,0.55,0.42,0.63,0.62,0.4,0.61,0.64,0.79,0.55,0.73,0.74,0.0,0.15,0.0,0.12,0.16,0.24,0.24,0.02,0.02,0.03,0.03,0.94,0.03,0.14,0.13,0.35,0.45,0.22,0.62,0.05,0.48,0.5,0.02,0.77,0.56,0.06,0.18,0.56,0.04,0.0,0.16,0.13,0.11,0.41,0.37,0.39,0.39,0.15,0.13,0.26,0.0,0.0,0.07,0.71,0.64,0.68,0.68,0.01,0.26,0.04,0.0,0.17
1930,10,0.01,0.57,0.01,0.97,0.11,0.03,0.39,0.42,0.27,0.24,0.0,0.0,0.84,0.8,0.57,0.72,0.3,0.08,0.3,0.78,0.67,0.64,0.55,0.0,0.53,1.0,0.0,0.02,0.15,0.2,0.57,0.11,0.75,0.44,0.36,0.22,0.7,0.2,0.38,0.16,0.18,0.58,0.94,0.94,0.98,0.92,0.26,0.4,0.0,0.01,0.01,0.18,0.32,0.33,0.28,0.09,0.13,0.12,0.1,0.86,0.06,0.23,0.25,0.63,0.64,0.4,0.89,0.04,0.21,0.5,0.01,0.88,0.86,0.13,0.75,0.71,0.06,0.23,0.61,0.67,0.67,0.66,0.77,0.94,0.82,0.6,0.62,0.53,0.01,0.0,0.2,0.67,0.69,0.53,0.73,0.14,0.02,0.06,0.0,0.02
1931,10,0.03,0.33,0.04,0.91,0.1,0.17,0.26,0.47,0.27,0.6,0.04,1.0,0.33,0.5,0.18,0.52,0.63,0.15,0.48,0.35,0.34,0.33,0.29,0.09,0.3,0.39,0.02,0.18,0.78,0.7,0.17,0.39,0.5,0.65,0.13,0.66,0.23,0.39,0.5,0.39,0.4,0.42,0.64,0.67,0.75,0.62,0.29,0.43,0.0,0.09,0.04,0.38,0.43,0.47,0.48,0.65,0.64,0.64,0.6,0.33,0.51,0.19,0.16,0.37,0.41,0.39,0.28,0.16,0.78,0.0,0.03,0.84,0.28,0.06,0.57,0.04,0.12,0.34,0.47,0.44,0.39,0.48,0.51,0.57,0.52,0.38,0.84,1.0,0.0,0.0,0.72,0.61,0.68,0.7,0.72,0.0,1.0,0.26,0.0,0.12
1932,10,0.0,0.65,0.02,0.87,0.47,0.04,0.36,0.34,0.23,0.3,0.01,0.35,1.0,0.78,0.4,0.76,0.35,0.04,0.44,0.95,0.91,0.89,0.5,0.0,0.76,0.48,0.0,0.0,0.11,0.15,0.71,0.22,0.6,0.3,0.44,0.1,0.77,0.12,0.33,0.09,0.1,0.58,0.99,0.94,0.99,0.87,0.22,0.38,0.0,0.04,0.01,0.17,0.26,0.27,0.26,0.15,0.19,0.18,0.16,0.72,0.14,0.26,0.3,0.7,0.69,0.45,0.95,0.02,0.09,1.0,0.01,0.86,0.93,0.26,0.5,0.54,0.01,0.36,0.8,0.92,1.0,0.65,0.74,1.0,0.92,0.4,0.55,0.54,0.0,0.0,0.36,0.58,0.68,0.46,0.73,0.06,0.05,0.14,0.0,0.04
1933,10,0.01,0.45,0.08,0.91,0.11,0.01,0.29,0.39,0.23,0.52,0.02,1.0,0.58,0.69,0.05,0.67,0.55,0.09,0.59,0.57,0.48,0.46,0.44,0.36,0.45,0.59,0.0,0.03,0.16,0.26,0.43,0.06,0.62,0.46,0.39,0.24,0.58,0.28,0.33,0.24,0.26,0.47,0.89,0.87,0.97,0.94,0.44,0.55,0.0,0.06,0.0,0.09,0.18,0.18,0.23,0.03,0.05,0.05,0.06,0.89,0.04,0.2,0.2,0.47,0.56,0.14,0.82,0.03,0.28,0.5,0.01,0.85,0.74,0.0,0.22,0.54,0.0,0.06,0.36,0.35,0.35,0.71,0.62,0.65,0.61,0.42,0.51,0.42,0.0,0.0,0.13,0.85,0.7,0.76,0.83,0.02,0.18,0.08,0.0,0.03
1934,10,0.0,0.33,0.16,0.87,0.02,0.01,0.15,0.28,0.12,0.88,0.02,1.0,0.33,0.28,0.2,0.66,0.85,0.14,0.95,0.35,0.31,0.31,0.29,0.38,0.04,0.33,0.0,0.08,0.65,0.59,0.17,0.29,0.29,0.43,0.32,0.39,0.39,0.23,0.34,0.24,0.25,0.3,0.77,0.81,0.91,0.73,0.72,0.7,0.0,0.06,0.0,0.0,0.0,0.5,0.43,0.0,0.0,0.02,0.02,0.96,0.0,0.12,0.12,0.32,0.29,0.41,0.94,0.05,0.49,0.5,0.0,0.94,0.95,0.0,0.52,0.35,0.02,0.0,0.13,0.09,0.07,0.35,0.36,0.36,0.39,0.2,0.23,0.24,0.0,0.0,0.02,0.87,0.88,0.78,0.93,0.01,0.21,0.08,0.0,0.14
1935,10,0.01,0.29,0.0,0.99,0.04,0.01,0.36,0.39,0.22,0.57,0.0,0.0,0.28,0.45,0.8,0.6,0.6,0.27,0.6,0.31,0.3,0.29,0.23,0.73,0.1,0.46,0.01,0.19,0.28,0.35,0.24,0.21,0.49,0.82,0.35,0.55,0.3,0.43,0.21,0.4,0.43,0.32,0.68,0.7,0.7,0.62,0.79,0.8,0.0,0.09,0.0,0.57,0.42,0.39,0.59,0.05,0.03,0.03,0.04,0.95,0.04,0.07,0.08,0.31,0.38,0.15,0.71,0.04,0.52,0.5,0.01,0.87,0.65,0.03,0.5,0.35,0.16,0.05,0.07,0.06,0.07,0.13,0.17,0.17,0.13,0.17,0.07,0.28,0.0,0.0,0.03,0.84,0.61,0.75,0.82,0.02,0.14,0.01,0.0,0.04
1936,10,0.04,0.16,0.02,0.98,0.01,0.03,0.06,0.05,0.03,1.0,0.05,0.89,0.19,0.0,0.12,0.72,1.0,0.15,1.0,0.2,0.3,0.28,0.31,0.16,0.5,0.39,0.01,0.11,0.47,0.68,0.09,0.47,0.0,0.19,0.41,0.35,0.28,0.12,0.05,0.08,0.1,0.06,0.81,0.78,0.9,0.74,0.58,0.68,0.0,0.04,0.02,0.01,0.01,0.02,0.03,0.0,0.0,0.01,0.01,0.79,0.1,0.07,0.08,0.17,0.14,0.32,0.95,0.02,0.85,0.0,0.12,0.52,0.96,0.04,0.77,0.83,0.05,0.24,0.25,0.23,0.21,0.39,0.54,0.6,0.64,1.0,0.7,0.75,0.0,0.0,0.23,0.59,0.64,0.48,0.75,0.12,0.07,0.11,0.0,0.04
1937,10,0.0,0.3,0.0,0.99,0.03,0.01,0.34,0.39,0.24,0.66,0.0,0.0,0.22,0.29,0.15,0.53,0.68,0.4,0.62,0.27,0.24,0.23,0.17,0.29,0.19,0.3,0.01,0.28,0.6,0.62,0.09,0.58,0.32,0.7,0.38,0.73,0.2,0.4,0.35,0.3,0.36,0.33,0.66,0.69,0.59,0.63,0.37,0.57,0.0,0.13,0.01,0.02,0.02,0.01,0.02,0.01,0.01,0.0,0.01,0.28,0.15,0.03,0.05,0.32,0.43,0.18,0.59,0.04,0.55,0.0,0.02,0.65,0.52,0.18,0.63,0.0,0.29,0.21,0.12,0.12,0.12,0.17,0.2,0.2,0.17,0.55,0.29,0.49,0.0,0.0,0.19,0.82,0.8,0.86,0.83,0.18,0.02,0.01,0.0,0.06
1938,10,0.03,0.43,0.12,0.74,0.11,0.46,0.42,0.53,0.31,0.35,0.0,0.0,0.21,0.58,0.24,0.42,0.35,0.3,0.75,0.21,0.21,0.22,0.24,0.06,0.13,0.24,0.03,0.35,0.26,0.3,0.26,0.49,0.45,0.13,0.43,0.31,0.39,0.59,0.25,0.54,0.58,0.45,0.66,0.65,0.68,0.64,0.43,0.45,0.01,0.18,0.01,0.17,0.21,0.24,0.23,0.07,0.08,0.08,0.07,0.65,0.12,0.23,0.22,0.46,0.47,0.45,0.57,0.19,0.43,0.5,0.08,0.47,0.56,0.14,0.49,0.63,0.52,0.18,0.1,0.1,0.09,0.2,0.21,0.24,0.21,0.43,0.45,0.19,0.0,0.0,0.18,0.26,0.39,0.38,0.1,0.05,0.13,0.01,0.0,0.2
1939,10,0.02,0.55,0.03,0.96,0.03,0.02,0.97,0.91,0.96,0.42,0.0,0.0,0.18,0.48,0.05,0.47,0.56,0.43,0.48,0.26,0.17,0.16,0.13,0.13,0.22,0.18,0.03,0.53,0.28,0.43,0.34,0.39,0.3,0.48,0.75,0.46,0.45,0.47,0.82,0.38,0.44,0.42,0.48,0.52,0.41,0.48,0.54,0.59,0.01,0.2,0.0,0.26,0.24,0.27,0.26,0.06,0.05,0.05,0.04,0.91,0.04,0.18,0.2,0.35,0.42,0.34,0.33,0.07,0.54,0.5,0.02,0.81,0.32,0.29,0.41,0.0,0.5,0.06,0.13,0.12,0.11,0.22,0.25,0.26,0.24,0.66,0.36,0.68,0.03,0.0,0.1,0.86,0.37,0.41,0.84,0.01,0.42,0.05,0.0,0.08
1940,10,0.08,0.23,0.28,0.76,0.08,0.01,0.32,0.37,0.22,0.61,0.09,1.0,0.2,0.29,0.08,0.46,0.65,0.5,0.71,0.28,0.37,0.4,0.19,0.25,0.64,0.43,0.1,0.49,0.31,0.39,0.46,0.47,0.31,0.16,0.57,0.2,0.61,0.64,0.4,0.63,0.67,0.32,0.41,0.45,0.42,0.45,0.31,0.35,0.05,0.39,0.01,0.26,0.3,0.31,0.3,0.03,0.03,0.03,0.03,0.94,0.03,0.11,0.09,0.24,0.31,0.2,0.49,0.05,0.55,0.0,0.15,0.59,0.45,0.25,0.62,0.25,0.49,0.23,0.1,0.12,0.15,0.1,0.17,0.21,0.17,0.4,0.11,0.18,0.09,0.03,0.05,0.81,0.62,0.76,0.74,0.08,0.16,0.29,1.0,0.56
1941,10,0.07,0.5,0.11,0.59,0.64,0.38,0.42,0.68,0.47,0.21,0.08,1.0,0.44,0.79,0.23,0.44,0.22,0.22,0.26,0.43,0.45,0.5,0.31,0.32,0.34,0.37,0.03,0.17,0.18,0.22,0.41,0.25,0.8,0.45,0.31,0.29,0.48,0.54,0.56,0.77,0.69,0.51,0.6,0.63,0.79,0.51,0.71,0.68,0.02,0.25,0.07,0.47,0.67,0.72,0.76,0.71,0.89,0.87,0.84,0.52,0.47,0.41,0.35,0.49,0.45,0.56,0.21,0.52,0.72,0.0,0.05,0.82,0.26,0.09,0.15,0.65,0.07,0.13,0.63,0.69,0.66,0.79,0.7,0.82,0.68,0.6,0.66,0.18,0.02,0.02,0.64,0.33,0.21,0.47,0.39,0.03,0.38,0.13,0.0,0.14
1942,10,0.01,0.53,0.13,0.89,0.02,0.02,0.48,0.55,0.32,0.21,0.0,0.0,0.32,0.73,0.06,0.26,0.27,0.31,0.36,0.31,0.23,0.23,0.14,0.18,0.19,0.54,0.01,0.28,0.33,0.51,0.16,0.29,0.65,0.63,0.12,0.6,0.23,0.59,0.3,0.67,0.66,0.51,0.57,0.58,0.59,0.56,0.55,0.65,0.01,0.3,0.0,0.0,0.0,0.11,0.09,0.0,0.0,0.01,0.0,0.99,0.0,0.17,0.19,0.56,0.57,0.55,0.45,0.12,0.42,0.5,0.02,0.63,0.46,0.11,0.36,0.79,0.48,0.34,0.15,0.14,0.13,0.27,0.29,0.29,0.32,0.35,0.42,0.22,0.0,0.0,0.02,0.6,0.28,0.44,0.53,0.05,0.06,0.01,0.0,0.12
1943,10,0.01,0.28,0.01,0.95,0.02,0.1,0.26,0.27,0.15,0.96,0.03,1.0,0.13,0.13,0.15,0.39,0.88,0.29,0.85,0.14,0.16,0.15,0.13,0.23,0.25,0.27,0.03,0.44,0.35,0.52,0.1,0.43,0.14,0.28,0.23,0.5,0.17,0.69,0.12,0.54,0.62,0.23,0.51,0.52,0.52,0.56,0.52,0.66,0.01,0.1,0.0,0.0,0.34,0.35,0.39,0.0,0.05,0.05,0.05,0.91,0.01,0.17,0.16,0.29,0.23,0.48,0.69,0.26,0.87,0.0,0.27,0.0,0.74,0.43,0.31,0.83,0.56,0.3,0.12,0.09,0.08,0.23,0.22,0.24,0.26,0.6,0.59,0.53,0.0,0.0,0.06,0.13,0.38,0.27,0.27,0.05,0.09,0.02,0.0,0.16
1944,10,0.06,0.42,0.05,0.85,0.31,0.13,0.32,0.42,0.24,0.3,0.08,1.0,0.56,0.68,0.38,0.65,0.33,0.21,0.52,0.56,0.56,0.57,0.35,0.35,0.39,0.45,0.02,0.1,0.1,0.12,0.51,0.12,0.72,0.16,0.43,0.19,0.55,0.46,0.36,0.6,0.56,0.43,0.71,0.76,0.79,0.7,0.55,0.57,0.01,0.12,0.04,0.35,0.42,0.46,0.5,0.28,0.3,0.29,0.29,0.75,0.12,0.14,0.15,0.45,0.42,0.52,0.51,0.15,0.4,0.5,0.03,0.91,0.54,0.01,0.18,0.67,0.02,0.13,0.74,0.76,0.79,0.78,0.75,0.94,0.77,0.68,0.69,0.19,0.0,0.0,0.34,0.47,0.4,0.49,0.57,0.08,0.14,0.44,0.0,0.16
1945,10,0.01,0.47,0.11,0.88,0.11,0.03,0.37,0.54,0.29,0.23,0.03,1.0,0.38,0.73,0.19,0.34,0.28,0.23,0.25,0.39,0.32,0.32,0.23,0.33,0.28,0.26,0.01,0.22,0.28,0.42,0.33,0.23,0.7,0.3,0.2,0.41,0.37,0.58,0.28,0.65,0.64,0.5,0.66,0.67,0.76,0.62,0.51,0.65,0.01,0.17,0.0,0.53,0.62,0.52,0.72,0.11,0.11,0.09,0.11,0.93,0.1,0.17,0.17,0.51,0.55,0.47,0.49,0.13,0.45,0.5,0.02,0.71,0.48,0.06,0.29,0.88,0.37,0.14,0.2,0.19,0.19,0.38,0.36,0.36,0.41,0.41,0.5,0.29,0.01,0.0,0.08,0.52,0.24,0.32,0.32,0.03,0.11,0.01,0.0,0.15
1946,10,0.11,0.68,0.02,0.54,1.0,0.35,0.45,0.58,0.4,0.29,0.12,1.0,0.49,0.67,0.16,0.45,0.34,0.48,0.48,0.46,0.36,0.42,0.35,0.27,0.24,0.33,0.08,0.29,0.35,0.42,0.28,0.34,0.59,0.57,0.21,0.42,0.4,0.42,0.55,0.51,0.48,0.73,0.67,0.62,0.77,0.69,0.46,0.43,0.03,0.19,0.15,0.5,0.57,0.65,0.74,1.0,1.0,1.0,1.0,0.34,0.77,0.76,0.73,0.74,0.62,0.9,0.48,0.67,0.51,0.5,0.04,0.91,0.55,0.29,0.14,0.58,0.07,0.19,0.62,0.6,0.58,0.76,0.69,0.84,0.67,0.77,0.54,0.18,0.0,0.0,0.87,0.36,0.48,0.63,0.62,0.03,0.65,0.11,0.0,0.2
1947,10,0.01,0.29,0.01,0.94,0.13,0.04,0.63,0.57,0.54,0.45,0.0,0.0,0.2,0.43,0.27,0.62,0.46,0.22,0.56,0.27,0.26,0.26,0.09,0.16,0.11,0.2,0.02,0.46,0.1,0.15,0.7,0.38,0.44,0.13,0.74,0.19,0.63,0.61,0.61,0.74,0.72,0.28,0.42,0.53,0.64,0.3,0.63,0.79,0.0,0.13,0.01,0.93,0.74,0.69,0.63,0.34,0.24,0.2,0.17,0.92,0.03,0.09,0.07,0.24,0.34,0.2,0.44,0.08,0.63,0.0,0.02,0.82,0.4,0.02,0.24,0.54,0.26,0.37,0.24,0.25,0.27,0.23,0.28,0.32,0.26,0.7,0.58,0.43,0.0,0.0,0.15,0.25,0.28,0.34,0.28,0.02,0.21,0.06,0.0,0.06
1948,10,0.0,0.59,0.08,0.91,0.08,0.02,0.36,0.34,0.23,0.38,0.0,0.19,0.89,0.7,1.0,0.9,0.46,0.06,0.6,0.85,0.84,0.83,0.27,0.29,0.38,1.0,0.0,0.03,0.12,0.17,0.76,0.06,0.6,0.25,0.8,0.08,0.87,0.21,0.44,0.15,0.18,0.49,0.94,0.94,0.96,0.93,0.49,0.49,0.0,0.03,0.0,0.13,0.11,0.13,0.15,0.05,0.04,0.04,0.04,0.87,0.05,0.15,0.18,0.59,0.58,0.34,0.94,0.02,0.09,0.5,0.01,0.88,0.92,0.1,0.45,0.44,0.0,0.13,0.57,0.61,0.7,0.54,0.57,0.73,0.64,0.78,0.39,0.46,0.0,0.0,0.16,0.58,0.85,0.78,0.78,0.17,0.02,0.17,0.0,0.18
1949,10,0.26,0.35,0.33,0.7,0.06,0.05,0.42,0.53,0.34,0.42,0.27,1.0,0.24,0.58,0.2,0.46,0.49,0.27,0.46,0.27,0.26,0.28,0.22,0.19,0.24,0.31,0.18,0.3,0.25,0.39,0.24,0.38,0.56,0.49,0.34,0.53,0.34,0.64,0.48,0.64,0.67,0.46,0.44,0.47,0.51,0.42,0.69,0.73,0.16,0.41,0.03,0.35,0.36,0.39,0.44,0.05,0.05,0.05,0.05,0.93,0.04,0.26,0.22,0.36,0.44,0.28,0.55,0.1,0.53,0.5,0.4,0.6,0.51,0.42,0.38,0.38,0.46,0.13,0.06,0.06,0.07,0.22,0.23,0.25,0.23,0.38,0.13,0.26,0.06,0.03,0.06,0.7,0.53,0.74,0.69,0.18,0.23,0.12,0.57,0.23
1950,10,0.0,0.52,0.01,0.98,0.04,0.01,0.43,0.48,0.28,0.33,0.01,0.67,0.41,0.68,0.12,0.41,0.45,0.34,0.4,0.4,0.31,0.3,0.7,0.07,0.58,0.42,0.0,0.11,0.26,0.44,0.25,0.42,0.6,0.52,0.29,0.47,0.33,0.36,0.35,0.4,0.4,0.57,0.73,0.74,0.69,0.7,0.53,0.67,0.0,0.09,0.0,0.28,0.33,0.3,0.33,0.06,0.06,0.05,0.05,0.91,0.04,0.2,0.21,0.56,0.64,0.32,0.74,0.06,0.42,0.5,0.01,0.89,0.68,0.14,0.53,0.5,0.08,0.34,0.32,0.29,0.26,0.29,0.4,0.46,0.41,0.4,0.63,0.54,0.0,0.0,0.09,0.89,0.79,0.9,0.85,0.08,0.04,0.03,0.0,0.18
1951,10,0.16,0.56,0.03,0.81,0.25,0.25,0.41,0.5,0.31,0.17,0.17,1.0,0.68,0.81,0.21,0.51,0.2,0.16,0.28,0.65,0.55,0.56,0.5,0.32,0.4,0.45,0.04,0.08,0.12,0.19,0.41,0.17,0.77,0.43,0.31,0.22,0.54,0.43,0.4,0.49,0.48,0.58,0.79,0.8,0.86,0.69,0.48,0.51,0.03,0.17,0.08,0.36,0.4,0.44,0.47,0.29,0.29,0.28,0.28,0.74,0.22,0.31,0.31,0.59,0.58,0.58,0.72,0.24,0.44,0.5,0.14,0.75,0.72,0.04,0.23,0.83,0.04,0.06,0.6,0.62,0.63,0.8,0.77,0.91,0.79,0.58,0.84,0.44,0.0,0.0,0.34,0.51,0.32,0.73,0.68,0.12,0.23,0.04,0.0,0.26
1952,10,0.07,0.56,0.03,0.8,0.39,0.22,0.35,0.37,0.22,0.57,0.08,1.0,0.6,0.51,0.32,0.66,0.54,0.21,0.76,0.58,0.51,0.52,0.4,0.25,0.39,0.44,0.02,0.1,0.15,0.19,0.43,0.18,0.52,0.37,0.37,0.22,0.57,0.41,0.3,0.44,0.44,0.54,0.79,0.79,0.84,0.81,0.41,0.5,0.01,0.11,0.04,0.36,0.35,0.38,0.45,0.29,0.25,0.24,0.27,0.74,0.19,0.47,0.46,0.59,0.56,0.63,0.66,0.23,0.44,0.5,0.03,0.89,0.68,0.0,0.22,0.75,0.03,0.02,0.7,0.67,0.63,0.84,0.78,0.94,0.81,0.67,0.72,0.26,0.0,0.0,0.34,0.41,0.46,0.58,0.7,0.05,0.24,0.01,0.0,0.11
1953,10,0.01,0.41,0.02,0.98,0.02,0.01,0.43,0.43,0.28,0.58,0.0,0.0,0.16,0.31,0.16,0.42,0.68,0.5,0.67,0.18,0.17,0.16,0.16,0.16,0.16,0.07,0.02,0.5,0.22,0.47,0.08,0.75,0.25,0.87,0.31,0.8,0.2,0.47,0.26,0.43,0.46,0.47,0.64,0.65,0.56,0.62,0.35,0.36,0.0,0.13,0.0,0.0,0.0,0.0,0.0,0.0,0.0,0.0,0.0,0.94,0.05,0.22,0.21,0.45,0.42,0.5,0.63,0.06,0.41,0.5,0.03,0.54,0.65,0.39,0.9,0.06,0.4,0.3,0.04,0.04,0.04,0.1,0.11,0.11,0.16,0.4,0.16,0.37,0.0,0.0,0.04,0.73,0.71,0.84,0.78,0.07,0.04,0.04,0.0,0.04
1954,10,1.0,0.48,0.18,0.5,0.72,0.38,0.47,0.64,0.46,0.32,1.0,1.0,0.36,0.6,0.22,0.49,0.33,0.42,0.49,0.37,0.39,0.48,0.27,0.21,0.24,0.29,1.0,0.35,0.28,0.29,0.48,0.34,0.57,0.3,0.47,0.23,0.53,0.55,0.69,0.64,0.61,0.56,0.55,0.54,0.61,0.52,0.38,0.36,0.72,0.37,1.0,0.41,0.48,0.54,0.6,0.6,0.62,0.63,0.64,0.5,0.42,0.5,0.39,0.46,0.48,0.48,0.34,0.48,0.67,0.0,1.0,0.77,0.36,0.15,0.15,0.65,0.14,0.37,0.45,0.49,0.58,0.51,0.53,0.65,0.51,0.69,0.71,0.18,1.0,1.0,0.62,0.31,0.31,0.51,0.41,0.95,0.29,0.25,0.37,0.48
1955,10,0.02,0.66,0.02,0.93,0.21,0.07,0.43,0.44,0.3,0.36,0.03,1.0,0.64,0.73,0.14,0.61,0.49,0.14,0.59,0.62,0.42,0.4,0.54,0.0,0.42,0.58,0.0,0.05,0.2,0.35,0.28,0.3,0.61,0.28,0.36,0.31,0.37,0.17,0.4,0.23,0.21,0.69,0.91,0.87,0.95,0.89,0.39,0.5,0.0,0.07,0.01,0.07,0.12,0.2,0.23,0.04,0.05,0.08,0.08,0.84,0.05,0.33,0.36,0.71,0.74,0.26,0.94,0.05,0.25,0.5,0.01,0.95,0.9,0.2,0.47,0.5,0.04,0.05,0.45,0.41,0.36,0.21,0.25,0.68,0.27,0.83,0.54,0.44,0.02,0.0,0.21,0.54,0.89,0.77,0.74,0.01,0.33,0.67,0.0,0.03
1956,10,0.03,0.37,0.4,0.68,0.03,0.01,0.39,0.47,0.34,0.55,0.04,1.0,0.23,0.52,0.17,0.36,0.56,0.35,0.44,0.27,0.28,0.32,0.19,0.17,0.29,0.17,0.03,0.31,0.47,0.59,0.22,0.22,0.52,0.64,0.25,0.72,0.27,0.6,0.37,0.52,0.57,0.38,0.49,0.46,0.54,0.62,0.64,0.73,0.03,0.42,0.0,0.46,0.68,0.59,0.57,0.04,0.05,0.04,0.04,0.97,0.03,0.17,0.16,0.37,0.37,0.38,0.53,0.15,0.58,0.0,0.04,0.73,0.53,0.27,0.59,0.4,0.31,0.12,0.09,0.1,0.13,0.16,0.21,0.23,0.24,0.3,0.38,0.42,0.01,0.01,0.03,0.78,0.59,0.71,0.69,0.06,0.1,0.0,0.0,0.3
1957,10,0.27,0.32,0.66,0.46,0.05,0.01,0.39,0.51,0.32,0.39,0.28,1.0,0.25,0.58,0.31,0.41,0.41,0.26,0.42,0.3,0.35,0.47,0.2,0.34,0.3,0.46,0.23,0.38,0.21,0.3,0.49,0.31,0.55,0.21,0.63,0.29,0.55,0.64,0.45,0.71,0.71,0.43,0.42,0.41,0.52,0.38,0.71,0.72,0.19,0.53,0.02,0.53,0.51,0.57,0.6,0.08,0.07,0.07,0.06,0.95,0.03,0.23,0.19,0.33,0.41,0.27,0.5,0.14,0.54,0.5,0.45,0.57,0.46,0.71,0.45,0.6,0.35,0.29,0.1,0.11,0.14,0.21,0.24,0.26,0.28,0.52,0.36,0.4,0.08,0.0,0.06,0.73,0.49,0.7,0.7,0.3,0.14,0.08,0.41,1.0
1958,10,0.03,0.59,0.33,0.69,0.14,0.04,0.49,0.69,0.45,0.15,0.05,1.0,0.22,0.75,0.21,0.34,0.25,0.21,0.56,0.21,0.18,0.19,0.18,0.13,0.16,0.28,0.03,0.3,0.19,0.28,0.18,0.38,0.65,0.28,0.3,0.46,0.31,0.46,0.31,0.52,0.51,0.55,0.7,0.71,0.73,0.63,0.57,0.6,0.01,0.24,0.01,0.48,0.51,0.48,0.47,0.11,0.1,0.09,0.08,0.92,0.03,0.19,0.21,0.58,0.52,0.64,0.29,0.19,0.44,0.5,0.05,0.61,0.34,0.07,0.36,0.67,0.47,0.25,0.1,0.09,0.08,0.2,0.21,0.22,0.24,0.41,0.41,0.31,0.0,0.0,0.09,0.4,0.26,0.35,0.11,0.06,0.12,0.03,0.0,0.34
1959,10,0.02,0.8,0.25,0.74,0.16,0.07,0.41,0.58,0.25,0.01,0.04,1.0,0.3,0.95,0.25,0.33,0.06,0.13,0.31,0.24,0.16,0.17,0.17,0.17,0.13,0.26,0.02,0.23,0.13,0.2,0.21,0.12,0.72,0.38,0.28,0.42,0.32,0.23,0.13,0.24,0.24,0.88,0.9,0.9,0.81,0.75,0.23,0.19,0.0,0.09,0.01,0.35,0.36,0.44,0.45,0.09,0.08,0.09,0.08,0.92,0.03,0.41,0.45,0.88,0.69,1.0,0.25,0.17,0.2,0.5,0.01,0.88,0.33,0.0,0.53,0.67,0.14,0.0,0.14,0.13,0.13,0.39,0.34,0.32,0.29,0.24,0.56,0.08,0.0,0.0,0.1,0.23,0.13,0.0,0.0,0.09,0.07,0.02,0.0,0.1
1960,10,0.01,0.39,0.0,0.94,0.01,0.01,0.41,0.4,0.23,0.47,0.0,0.0,0.18,0.5,1.0,0.53,0.53,0.35,0.29,0.23,0.22,0.22,0.0,0.07,0.61,0.09,0.02,0.38,0.43,0.4,0.27,0.35,0.49,0.03,0.51,0.3,0.35,0.37,0.37,0.38,0.39,0.49,0.67,0.73,0.67,0.71,0.6,0.64,0.0,0.11,0.0,0.03,0.23,0.19,0.24,0.0,0.02,0.02,0.02,0.94,0.03,0.19,0.17,0.4,0.45,0.31,0.6,0.08,0.53,0.5,0.05,0.33,0.57,0.36,0.78,0.58,0.32,0.19,0.05,0.05,0.06,0.09,0.12,0.12,0.09,0.17,0.37,0.37,0.0,0.0,0.05,0.74,0.49,0.75,0.77,0.02,0.16,0.0,0.0,0.02
1961,10,0.07,0.4,0.72,0.39,0.13,0.02,0.41,0.48,0.3,0.38,0.09,1.0,0.4,0.63,0.2,0.57,0.41,0.23,0.39,0.44,0.45,0.54,0.35,0.16,0.32,0.42,0.04,0.21,0.12,0.18,0.74,0.27,0.58,0.26,1.0,0.23,0.79,0.36,0.6,0.57,0.5,0.54,0.56,0.6,0.8,0.57,0.54,0.68,0.02,0.24,0.03,0.61,0.51,0.47,0.43,0.31,0.23,0.19,0.16,0.83,0.11,0.34,0.28,0.41,0.56,0.2,0.63,0.05,0.34,0.5,0.04,0.87,0.55,0.1,0.44,0.0,0.04,0.07,0.16,0.13,0.14,0.37,0.37,0.39,0.37,0.47,0.34,0.4,0.0,0.0,0.21,0.62,0.65,0.77,0.68,0.02,0.56,0.39,0.0,0.02
1962,10,0.08,0.66,0.04,0.41,0.37,0.85,0.43,0.55,0.36,0.38,0.1,1.0,0.29,0.53,0.57,0.37,0.46,0.64,0.58,0.27,0.24,0.31,0.27,0.2,0.29,0.25,0.09,0.44,0.65,0.6,0.15,0.5,0.47,0.26,0.23,0.45,0.21,0.47,0.42,0.57,0.54,0.73,0.57,0.54,0.57,0.56,0.44,0.42,0.04,0.29,0.09,0.4,0.57,0.6,0.63,0.62,0.77,0.75,0.72,0.32,0.9,0.75,0.71,0.71,0.59,0.82,0.36,0.77,0.58,0.0,0.06,0.78,0.43,0.01,0.21,0.69,0.2,0.31,0.35,0.35,0.33,0.47,0.47,0.52,0.44,0.7,0.62,0.17,0.06,0.05,0.66,0.48,0.35,0.56,0.69,0.05,0.3,0.02,0.0,0.32
1963,10,0.03,0.32,0.61,0.47,0.09,0.07,0.32,0.49,0.31,0.5,0.05,1.0,0.26,0.46,0.2,0.44,0.5,0.56,0.51,0.3,0.34,0.42,0.23,0.32,0.47,0.36,0.04,0.38,0.44,0.55,0.34,0.44,0.44,0.48,0.69,0.35,0.46,0.53,0.71,0.58,0.58,0.44,0.2,0.24,0.42,0.25,0.5,0.49,0.05,0.82,0.02,0.32,0.41,0.53,0.52,0.23,0.25,0.29,0.26,0.82,0.1,0.31,0.23,0.32,0.35,0.36,0.23,0.21,0.66,0.0,0.06,0.61,0.25,0.77,0.56,0.0,0.64,0.11,0.31,0.31,0.29,0.37,0.41,0.46,0.41,0.59,0.44,0.74,0.02,0.0,0.29,0.73,0.53,0.77,0.77,0.01,0.47,0.42,0.37,0.45
1964,10,0.09,0.45,1.0,0.08,0.11,0.14,0.36,0.46,0.29,0.47,0.11,1.0,0.38,0.56,0.09,0.37,0.51,0.46,0.46,0.4,0.37,0.46,0.36,0.28,0.35,0.42,0.07,0.3,0.4,0.51,0.32,0.47,0.48,0.25,0.62,0.33,0.43,0.49,0.6,0.56,0.56,0.58,0.29,0.27,0.41,0.27,0.5,0.57,0.11,0.78,0.1,0.32,0.42,0.49,0.54,0.49,0.56,0.59,0.6,0.66,0.27,0.46,0.39,0.48,0.63,0.43,0.23,0.4,0.75,0.0,0.05,0.86,0.2,0.41,0.52,0.0,0.3,0.31,0.55,0.6,0.62,0.39,0.44,0.54,0.42,0.38,0.6,0.9,0.07,0.0,0.65,0.58,0.78,0.8,0.81,0.01,1.0,1.0,0.0,0.6
1965,10,1.0,0.36,0.44,0.64,0.06,0.02,0.38,0.52,0.31,0.36,1.0,1.0,0.29,0.62,0.21,0.41,0.42,0.28,0.45,0.31,0.32,0.36,0.24,0.18,0.36,0.38,0.83,0.32,0.24,0.4,0.34,0.33,0.58,0.35,0.41,0.39,0.42,0.7,0.45,0.69,0.72,0.45,0.46,0.46,0.54,0.42,0.65,0.65,0.77,0.49,0.09,0.35,0.38,0.4,0.43,0.05,0.04,0.04,0.04,0.94,0.04,0.25,0.21,0.38,0.46,0.3,0.51,0.11,0.58,0.0,1.0,0.65,0.47,0.89,0.43,0.48,0.33,0.19,0.08,0.1,0.13,0.25,0.27,0.3,0.27,0.37,0.22,0.31,0.33,0.31,0.05,0.72,0.47,0.73,0.74,1.0,0.17,0.18,0.44,0.69
1966,10,0.09,0.41,0.07,0.74,0.39,0.45,0.29,0.49,0.28,0.36,0.1,1.0,0.52,0.64,0.17,0.58,0.35,0.24,0.43,0.53,0.52,0.55,0.31,0.19,0.45,0.35,0.05,0.21,0.28,0.31,0.43,0.19,0.66,0.36,0.36,0.28,0.47,0.62,0.54,0.64,0.65,0.46,0.58,0.6,0.7,0.57,0.73,0.65,0.03,0.28,0.11,0.44,0.52,0.59,0.62,0.74,0.76,0.78,0.76,0.47,0.51,0.39,0.31,0.41,0.39,0.47,0.36,0.48,0.69,0.0,0.07,0.81,0.39,0.05,0.17,0.46,0.11,0.33,0.93,0.97,0.98,0.7,0.67,0.86,0.66,0.62,0.89,0.26,0.05,0.29,0.71,0.48,0.45,0.63,0.68,0.05,0.29,0.22,0.0,0.3
1967,10,0.01,0.66,0.0,0.97,0.1,0.02,0.42,0.39,0.26,0.2,0.01,0.51,0.81,0.86,0.33,0.71,0.29,0.11,0.4,0.72,0.58,0.56,0.81,0.0,0.37,0.97,0.0,0.01,0.1,0.14,0.64,0.32,0.74,0.69,0.44,0.22,0.78,0.17,0.37,0.19,0.18,0.65,0.92,0.93,0.95,0.86,0.53,0.58,0.0,0.04,0.0,0.27,0.26,0.3,0.29,0.06,0.05,0.05,0.05,0.93,0.04,0.24,0.28,0.72,0.72,0.53,0.9,0.03,0.16,0.5,0.01,0.87,0.88,0.18,0.71,0.63,0.02,0.27,0.53,0.56,0.55,0.4,0.55,0.83,0.62,0.26,0.5,0.49,0.0,0.0,0.09,0.74,0.79,0.81,0.77,0.09,0.04,0.04,0.0,0.04
1968,10,0.0,0.24,0.51,0.53,0.11,0.11,0.2,0.36,0.19,0.68,0.02,1.0,0.42,0.39,0.19,0.62,0.69,0.27,0.74,0.46,0.48,0.58,0.28,0.56,0.26,0.45,0.01,0.25,0.37,0.41,0.45,0.37,0.45,0.21,0.62,0.35,0.55,0.66,0.61,0.58,0.64,0.41,0.43,0.35,0.53,0.4,0.45,0.49,0.01,0.46,0.01,0.39,0.43,0.38,0.35,0.23,0.23,0.18,0.16,0.81,0.09,0.34,0.23,0.23,0.33,0.2,0.38,0.15,0.69,0.0,0.02,0.66,0.35,0.82,0.71,0.15,0.25,0.25,0.35,0.39,0.37,0.52,0.56,0.67,0.56,0.55,0.59,1.0,0.0,0.01,0.25,0.59,0.67,0.8,0.75,0.0,0.5,0.49,0.0,0.19
1969,10,1.0,0.29,0.21,0.29,1.0,0.26,0.24,0.47,0.28,0.46,1.0,1.0,0.36,0.49,0.22,0.55,0.41,0.5,0.42,0.39,0.5,0.7,0.31,0.2,0.29,0.41,0.82,0.33,0.39,0.37,0.57,0.38,0.53,0.18,0.52,0.24,0.57,0.55,0.85,0.53,0.56,0.55,0.49,0.46,0.62,0.52,0.55,0.52,0.47,0.4,1.0,0.4,0.45,0.53,0.58,0.96,0.94,1.0,1.0,0.26,0.8,0.57,0.33,0.28,0.46,0.26,0.2,0.49,0.86,0.0,1.0,0.73,0.17,0.3,0.33,0.0,0.15,0.89,0.77,0.82,0.86,0.5,0.6,0.8,0.57,0.59,0.66,0.24,1.0,1.0,1.0,0.3,0.48,0.54,0.51,0.13,1.0,1.0,0.64,0.75
1970,10,0.0,0.37,0.38,0.69,0.04,0.02,0.34,0.48,0.3,0.47,0.02,1.0,0.25,0.56,0.24,0.4,0.55,0.33,0.54,0.27,0.3,0.35,0.16,0.13,0.16,0.23,0.01,0.24,0.35,0.46,0.25,0.28,0.57,0.26,0.36,0.41,0.27,0.51,0.35,0.49,0.52,0.39,0.55,0.5,0.76,0.4,0.86,0.77,0.01,0.35,0.0,0.43,0.4,0.38,0.68,0.04,0.03,0.03,0.05,0.95,0.03,0.15,0.15,0.4,0.37,0.44,0.6,0.12,0.44,0.5,0.01,0.77,0.61,0.19,0.41,0.5,0.34,0.07,0.11,0.09,0.09,0.21,0.24,0.26,0.29,0.36,0.28,0.46,0.0,0.0,0.03,0.77,0.61,0.66,0.76,0.02,0.1,0.08,0.0,0.53
1971,10,0.06,0.39,0.32,0.73,0.04,0.01,0.39,0.46,0.27,0.39,0.08,1.0,0.3,0.57,0.25,0.41,0.46,0.3,0.46,0.33,0.32,0.35,0.19,0.19,0.54,0.65,0.05,0.33,0.36,0.45,0.32,0.34,0.48,0.7,0.32,0.49,0.44,0.53,0.29,0.53,0.55,0.42,0.6,0.59,0.7,0.61,0.38,0.44,0.03,0.27,0.0,0.07,0.12,0.11,0.26,0.0,0.01,0.01,0.01,0.96,0.03,0.17,0.17,0.4,0.45,0.35,0.56,0.09,0.44,0.5,0.08,0.71,0.54,0.14,0.39,0.63,0.3,0.24,0.12,0.12,0.14,0.14,0.19,0.2,0.2,0.27,0.13,0.24,0.01,0.0,0.03,0.71,0.47,0.61,0.6,0.14,0.09,0.01,0.0,0.22
1972,10,0.08,0.49,0.07,0.69,0.27,0.35,0.46,0.5,0.33,0.36,0.1,1.0,0.42,0.58,0.23,0.5,0.39,0.34,0.56,0.43,0.44,0.48,0.3,0.24,0.31,0.34,0.05,0.23,0.19,0.25,0.5,0.27,0.53,0.19,0.73,0.23,0.62,0.47,0.42,0.59,0.57,0.53,0.64,0.64,0.68,0.64,0.4,0.42,0.02,0.18,0.04,0.41,0.5,0.58,0.58,0.3,0.32,0.34,0.31,0.7,0.2,0.33,0.3,0.49,0.53,0.44,0.52,0.25,0.48,0.5,0.06,0.81,0.5,0.09,0.22,0.67,0.15,0.05,0.33,0.35,0.38,0.51,0.49,0.56,0.49,0.52,0.59,0.19,0.05,0.06,0.31,0.46,0.34,0.5,0.53,0.07,0.21,0.02,0.0,0.3
1973,10,0.0,0.38,0.03,0.97,0.04,0.01,0.4,0.41,0.27,0.45,0.02,1.0,0.42,0.55,0.24,0.6,0.5,0.1,0.69,0.44,0.37,0.35,0.38,0.2,0.17,0.41,0.0,0.07,0.16,0.26,0.29,0.14,0.58,0.51,0.47,0.32,0.47,0.35,0.27,0.42,0.41,0.42,0.78,0.81,0.93,0.72,0.42,0.63,0.0,0.04,0.0,0.0,0.27,0.22,0.19,0.0,0.02,0.02,0.01,0.98,0.01,0.1,0.1,0.41,0.51,0.17,0.75,0.05,0.3,0.5,0.0,0.92,0.67,0.06,0.18,0.69,0.13,0.0,0.18,0.16,0.14,0.3,0.3,0.31,0.31,0.45,0.22,0.21,0.0,0.0,0.03,0.74,0.61,0.77,0.8,0.01,0.18,0.1,0.0,0.04
1974,10,0.0,0.41,0.62,0.51,0.02,0.01,0.38,0.39,0.23,0.51,0.0,0.0,0.21,0.49,0.3,0.33,0.52,0.43,0.45,0.23,0.24,0.31,0.18,0.49,0.05,0.66,0.01,0.35,0.54,0.62,0.24,0.24,0.47,0.71,0.35,0.71,0.36,0.46,0.35,0.51,0.52,0.44,0.4,0.42,0.53,0.57,0.89,0.87,0.03,0.86,0.0,0.0,0.0,0.0,0.0,0.0,0.0,0.0,0.0,0.97,0.05,0.16,0.15,0.39,0.38,0.42,0.52,0.13,0.48,0.5,0.01,0.76,0.53,0.08,0.59,0.56,0.4,0.04,0.08,0.08,0.09,0.09,0.14,0.15,0.17,0.4,0.33,0.4,0.01,0.0,0.0,0.94,0.6,0.78,0.83,0.02,0.1,0.0,0.0,0.52
1975,10,0.05,0.27,0.03,0.89,0.27,0.04,0.3,0.53,0.31,0.28,0.06,1.0,0.44,0.73,0.23,0.61,0.26,0.1,0.32,0.45,0.55,0.55,0.32,0.34,0.29,0.42,0.02,0.14,0.07,0.11,0.59,0.17,0.77,0.37,0.33,0.23,0.55,0.67,0.49,0.77,0.75,0.33,0.6,0.67,0.7,0.51,0.51,0.6,0.01,0.13,0.02,0.27,0.38,0.49,0.53,0.13,0.16,0.19,0.19,0.88,0.05,0.12,0.09,0.28,0.35,0.23,0.48,0.1,0.6,0.0,0.04,0.83,0.45,0.11,0.08,0.75,0.03,0.0,0.38,0.4,0.42,0.55,0.53,0.6,0.54,0.39,0.43,0.22,0.0,0.0,0.21,0.42,0.36,0.55,0.45,0.03,0.31,0.34,0.0,0.09
1976,10,0.06,0.29,0.03,0.93,0.18,0.03,0.2,0.42,0.22,0.58,0.07,1.0,0.52,0.54,0.21,0.77,0.53,0.2,0.6,0.57,0.56,0.54,0.36,0.44,0.54,0.7,0.02,0.11,0.14,0.18,0.68,0.25,0.61,0.3,0.8,0.13,0.77,0.23,0.6,0.26,0.26,0.4,0.75,0.78,0.86,0.66,0.52,0.56,0.0,0.06,0.04,0.38,0.36,0.36,0.37,0.32,0.26,0.24,0.23,0.76,0.1,0.16,0.14,0.32,0.44,0.22,0.53,0.05,0.56,0.0,0.03,0.9,0.47,0.05,0.36,0.02,0.03,0.21,0.58,0.55,0.51,0.65,0.69,0.82,0.69,0.4,0.42,0.57,0.0,0.0,0.35,0.68,0.76,0.76,0.69,0.01,0.72,0.94,0.0,0.08
1977,10,0.01,0.35,0.06,0.94,0.06,0.01,0.41,0.41,0.31,0.63,0.03,1.0,0.22,0.31,0.37,0.51,0.66,0.42,0.65,0.27,0.28,0.28,0.18,0.48,0.08,0.12,0.02,0.36,0.49,0.49,0.38,0.4,0.28,0.32,0.57,0.38,0.47,0.5,0.28,0.57,0.57,0.33,0.58,0.61,0.58,0.71,0.39,0.39,0.0,0.09,0.0,0.66,0.61,0.53,0.67,0.06,0.05,0.04,0.04,0.97,0.02,0.07,0.08,0.32,0.35,0.29,0.59,0.05,0.48,0.5,0.03,0.73,0.57,0.07,0.46,0.52,0.4,0.47,0.11,0.12,0.13,0.07,0.13,0.15,0.14,0.45,0.26,0.28,0.0,0.0,0.03,0.69,0.49,0.62,0.58,0.04,0.12,0.01,0.0,0.25
1978,10,0.01,0.54,0.02,0.94,0.13,0.04,0.39,0.43,0.25,0.26,0.02,0.85,0.69,0.74,0.17,0.71,0.37,0.03,0.4,0.67,0.53,0.51,0.42,0.33,0.41,0.56,0.0,0.05,0.17,0.21,0.52,0.3,0.72,0.57,0.31,0.26,0.58,0.29,0.4,0.33,0.33,0.62,0.84,0.86,0.93,0.77,0.27,0.48,0.0,0.07,0.01,0.19,0.22,0.22,0.27,0.11,0.12,0.1,0.12,0.87,0.06,0.23,0.24,0.59,0.67,0.32,0.77,0.05,0.35,0.5,0.01,0.89,0.71,0.1,0.34,0.63,0.04,0.06,0.55,0.54,0.54,0.57,0.62,0.75,0.7,0.47,0.59,0.58,0.0,0.0,0.25,0.47,0.67,0.77,0.62,0.05,0.09,0.14,0.0,0.04
1979,10,0.02,0.43,0.39,0.63,0.15,0.14,0.3,0.42,0.24,0.52,0.04,1.0,0.48,0.6,0.17,0.56,0.58,0.14,0.62,0.49,0.42,0.44,0.36,0.21,0.38,0.45,0.01,0.16,0.29,0.39,0.27,0.31,0.57,0.51,0.34,0.39,0.36,0.39,0.45,0.4,0.41,0.5,0.63,0.6,0.74,0.43,0.48,0.51,0.01,0.26,0.02,0.36,0.36,0.41,0.45,0.27,0.24,0.24,0.24,0.73,0.15,0.26,0.24,0.47,0.55,0.32,0.64,0.14,0.48,0.5,0.02,0.88,0.59,0.44,0.5,0.27,0.11,0.1,0.4,0.37,0.33,0.53,0.53,0.57,0.52,0.45,0.66,0.96,0.0,0.01,0.31,0.67,0.77,0.75,0.81,0.01,0.53,0.43,0.0,0.16
1980,10,0.06,0.43,0.04,0.93,0.03,0.09,0.36,0.51,0.31,0.45,0.08,1.0,0.34,0.53,0.12,0.39,0.5,0.49,0.51,0.36,0.29,0.28,0.23,0.06,0.24,0.32,0.04,0.21,0.64,0.58,0.18,0.58,0.53,0.58,0.39,0.65,0.29,0.42,0.48,0.46,0.46,0.49,0.58,0.6,0.61,0.57,0.61,0.67,0.03,0.31,0.04,0.14,0.19,0.21,0.26,0.11,0.14,0.14,0.15,0.64,0.32,0.21,0.2,0.45,0.53,0.37,0.52,0.1,0.55,0.0,0.07,0.72,0.48,0.11,0.49,0.25,0.17,0.41,0.36,0.34,0.31,0.3,0.4,0.46,0.41,0.49,0.52,0.47,0.0,0.0,0.35,0.79,0.66,0.77,0.82,0.13,0.09,0.11,0.0,0.28
1981,10,0.07,0.38,0.17,0.84,0.11,0.04,0.35,0.41,0.3,0.64,0.08,0.96,0.5,0.54,0.11,0.71,0.63,0.17,0.62,0.53,0.49,0.48,0.42,0.18,0.38,0.43,0.02,0.1,0.24,0.24,0.52,0.2,0.56,0.3,0.69,0.2,0.58,0.28,0.42,0.29,0.3,0.4,0.78,0.79,0.88,0.76,0.56,0.68,0.01,0.11,0.02,0.19,0.26,0.31,0.34,0.1,0.11,0.12,0.12,0.82,0.06,0.14,0.14,0.36,0.44,0.2,0.71,0.04,0.49,0.5,0.06,0.81,0.65,0.1,0.44,0.38,0.06,0.18,0.43,0.41,0.39,0.56,0.58,0.63,0.6,0.65,0.53,0.58,0.02,0.0,0.21,0.67,0.69,0.8,0.72,0.09,0.13,0.17,0.62,0.07
1982,10,0.0,0.47,0.02,0.98,0.03,0.01,0.62,0.47,0.49,0.69,0.02,0.96,0.42,0.46,0.28,0.84,0.69,0.06,0.62,0.45,0.57,0.55,0.26,0.0,0.48,0.3,0.0,0.11,0.19,0.26,0.49,0.12,0.42,0.46,0.57,0.24,0.62,0.19,0.4,0.23,0.22,0.29,0.85,0.84,0.92,0.7,0.87,0.83,0.0,0.03,0.0,0.18,0.13,0.22,0.25,0.03,0.02,0.03,0.03,0.95,0.04,0.05,0.09,0.38,0.35,0.4,0.86,0.04,0.2,0.5,0.0,0.93,0.86,0.07,0.4,0.21,0.02,0.03,0.18,0.18,0.21,0.25,0.28,0.35,0.29,0.21,0.26,0.24,0.0,0.0,0.06,0.77,0.66,0.72,0.71,0.02,0.14,0.04,0.0,0.03
1983,10,0.01,0.45,0.37,0.65,0.15,0.05,0.39,0.52,0.32,0.35,0.03,1.0,0.24,0.62,0.14,0.29,0.49,0.27,0.51,0.23,0.23,0.23,0.28,0.32,0.15,0.39,0.02,0.31,0.39,0.62,0.1,0.39,0.54,0.26,0.1,0.69,0.12,0.75,0.36,0.8,0.81,0.47,0.44,0.42,0.54,0.27,0.52,0.59,0.01,0.3,0.0,0.29,0.48,0.56,0.6,0.07,0.11,0.12,0.11,0.92,0.05,0.24,0.23,0.48,0.39,0.61,0.45,0.21,0.58,0.0,0.03,0.59,0.51,0.06,0.38,0.46,0.41,0.4,0.11,0.08,0.07,0.35,0.31,0.31,0.35,0.62,0.34,0.4,0.0,0.0,0.1,0.66,0.56,0.53,0.66,0.02,0.16,0.13,0.0,0.56
1984,10,0.01,0.43,0.01,0.98,0.03,0.02,0.43,0.44,0.26,0.35,0.02,1.0,0.42,0.68,0.22,0.66,0.4,0.16,0.51,0.42,0.38,0.36,0.6,0.0,0.22,0.44,0.0,0.08,0.08,0.16,0.33,0.26,0.66,0.4,0.51,0.37,0.45,0.3,0.34,0.38,0.36,0.49,0.77,0.79,0.9,0.67,0.69,0.72,0.0,0.02,0.0,0.35,0.72,0.63,0.53,0.03,0.06,0.05,0.04,0.96,0.02,0.19,0.19,0.47,0.53,0.25,0.78,0.04,0.35,0.5,0.01,0.85,0.73,0.09,0.37,0.42,0.06,0.05,0.15,0.13,0.13,0.28,0.27,0.28,0.3,0.23,0.14,0.22,0.0,0.0,0.03,0.84,0.71,0.84,0.85,0.02,0.15,0.06,0.0,0.14
1985,10,0.01,0.41,0.55,0.57,0.01,0.0,0.47,0.45,0.31,0.57,0.0,0.0,0.15,0.33,0.13,0.27,0.65,0.41,0.45,0.21,0.22,0.29,0.15,0.0,0.29,0.14,0.02,0.45,0.57,0.7,0.21,0.27,0.43,1.0,0.17,0.93,0.24,0.42,0.32,0.54,0.52,0.46,0.48,0.43,0.48,0.59,0.81,0.82,0.02,0.42,0.0,0.0,0.78,0.64,0.54,0.0,0.02,0.01,0.01,0.98,0.02,0.19,0.18,0.43,0.43,0.42,0.58,0.17,0.46,0.5,0.02,0.73,0.58,0.18,0.4,0.56,0.55,0.48,0.06,0.06,0.08,0.02,0.07,0.08,0.09,0.2,0.16,0.36,0.0,0.0,0.0,0.93,0.66,0.82,0.84,0.11,0.03,0.01,0.0,0.14
1986,10,0.05,0.52,0.02,0.97,0.04,0.02,0.4,0.43,0.29,0.39,0.05,0.88,0.58,0.68,0.36,0.69,0.49,0.11,0.55,0.57,0.51,0.49,0.47,0.4,0.4,0.8,0.01,0.06,0.27,0.35,0.34,0.2,0.69,0.53,0.38,0.33,0.46,0.25,0.38,0.28,0.28,0.52,0.84,0.86,0.93,0.81,0.61,0.76,0.0,0.05,0.02,0.06,0.07,0.1,0.13,0.03,0.03,0.03,0.04,0.81,0.07,0.16,0.17,0.56,0.58,0.38,0.82,0.04,0.34,0.5,0.02,0.89,0.79,0.11,0.45,0.56,0.05,0.05,0.47,0.46,0.45,0.39,0.48,0.57,0.5,0.29,0.46,0.39,0.0,0.0,0.18,0.72,0.77,0.83,0.85,0.1,0.09,0.03,0.0,0.02
1987,10,0.01,0.65,0.0,1.0,0.01,0.01,0.4,0.44,0.25,0.36,0.0,0.02,0.42,0.66,0.27,0.42,0.46,0.18,0.53,0.4,0.28,0.26,0.19,0.24,0.33,0.6,0.01,0.13,0.47,0.51,0.24,0.38,0.55,0.53,0.53,0.52,0.31,0.31,0.34,0.24,0.28,0.6,0.84,0.84,0.9,0.75,0.69,0.77,0.0,0.12,0.0,0.0,0.06,0.05,0.06,0.0,0.01,0.01,0.01,0.87,0.05,0.22,0.24,0.64,0.7,0.38,0.78,0.08,0.41,0.5,0.02,0.7,0.73,0.12,0.68,0.52,0.04,0.45,0.32,0.31,0.3,0.23,0.32,0.4,0.34,0.53,0.69,0.54,0.0,0.0,0.06,0.77,0.65,0.84,0.71,0.16,0.02,0.02,0.0,0.04
1988,10,0.02,0.41,1.0,0.21,0.02,0.01,0.54,0.57,0.43,0.45,0.0,0.0,0.12,0.37,0.22,0.27,0.6,0.83,0.4,0.15,0.17,0.31,0.15,0.13,0.13,0.23,0.06,0.76,0.51,0.62,0.29,0.61,0.36,0.58,0.38,0.57,0.32,0.61,0.53,0.61,0.64,0.53,0.18,0.14,0.33,0.15,0.64,0.59,0.05,0.85,0.0,0.0,0.0,0.06,0.21,0.0,0.0,0.0,0.01,0.98,0.02,0.37,0.31,0.41,0.41,0.44,0.4,0.26,0.52,0.5,0.04,0.69,0.42,0.24,0.43,0.52,0.71,0.83,0.06,0.06,0.06,0.07,0.14,0.18,0.17,0.49,0.27,0.44,0.01,0.0,0.01,0.75,0.57,0.74,0.71,0.03,0.17,0.02,0.0,0.19
1989,10,0.01,0.4,0.1,0.87,0.12,0.16,0.43,0.51,0.35,0.3,0.03,1.0,0.42,0.74,0.14,0.64,0.3,0.06,0.46,0.41,0.49,0.5,0.27,0.0,0.16,0.52,0.01,0.16,0.08,0.11,0.65,0.12,0.71,0.17,0.68,0.14,0.7,0.39,0.41,0.59,0.53,0.35,0.63,0.68,0.67,0.59,0.78,0.73,0.0,0.11,0.01,0.42,0.41,0.42,0.47,0.22,0.19,0.18,0.18,0.78,0.09,0.09,0.1,0.41,0.43,0.4,0.55,0.1,0.49,0.5,0.02,0.75,0.55,0.0,0.21,0.79,0.07,0.09,0.2,0.22,0.27,0.45,0.39,0.41,0.41,0.5,0.48,0.39,0.0,0.0,0.22,0.28,0.34,0.48,0.39,0.01,0.28,0.05,0.0,0.09
1990,10,0.05,0.96,0.46,0.28,0.83,0.32,0.69,0.86,0.73,0.14,0.06,1.0,0.28,0.76,0.1,0.3,0.26,0.37,0.48,0.24,0.18,0.2,0.26,0.18,0.2,0.26,0.04,0.32,0.33,0.37,0.22,0.24,0.77,0.1,0.41,0.22,0.24,0.42,0.75,0.56,0.48,0.71,0.66,0.63,0.69,0.7,0.32,0.4,0.03,0.42,0.05,0.56,0.62,0.63,0.67,0.7,0.68,0.63,0.61,0.55,0.36,0.57,0.57,0.74,0.52,0.87,0.12,0.67,0.6,0.0,0.03,0.8,0.22,0.17,0.13,0.5,0.17,0.37,0.36,0.37,0.36,0.54,0.54,0.61,0.54,0.69,0.67,0.31,0.01,0.0,0.53,0.25,0.17,0.1,0.0,0.02,0.37,0.2,0.0,0.45
1991,10,0.16,0.37,0.25,0.69,0.04,0.25,0.35,0.5,0.31,0.54,0.17,1.0,0.31,0.47,0.17,0.45,0.58,0.48,0.57,0.35,0.31,0.34,0.25,0.19,0.28,0.28,0.12,0.31,0.52,0.58,0.21,0.5,0.46,0.63,0.4,0.54,0.32,0.5,0.53,0.5,0.52,0.47,0.42,0.42,0.47,0.47,0.38,0.46,0.13,0.54,0.06,0.12,0.17,0.24,0.26,0.07,0.09,0.11,0.12,0.6,0.28,0.26,0.22,0.39,0.45,0.37,0.38,0.15,0.66,0.0,0.21,0.65,0.37,0.53,0.45,0.29,0.31,0.29,0.33,0.32,0.29,0.28,0.34,0.39,0.37,0.52,0.58,0.53,0.06,0.02,0.25,0.68,0.61,0.79,0.76,0.08,0.32,0.18,0.91,0.23
1992,10,0.08,0.51,0.06,0.87,0.22,0.1,0.58,0.74,0.63,0.41,0.09,1.0,0.44,0.64,0.21,0.55,0.42,0.24,0.45,0.47,0.4,0.4,0.29,0.2,0.31,0.37,0.03,0.16,0.3,0.35,0.42,0.37,0.57,0.44,0.57,0.27,0.48,0.32,0.87,0.3,0.32,0.46,0.64,0.65,0.75,0.71,0.57,0.63,0.02,0.17,0.06,0.4,0.46,0.48,0.49,0.42,0.43,0.41,0.38,0.68,0.2,0.26,0.21,0.36,0.54,0.26,0.39,0.13,0.64,0.0,0.05,0.84,0.33,0.17,0.34,0.23,0.1,0.34,0.54,0.49,0.47,0.58,0.62,0.75,0.64,0.43,0.44,0.4,0.04,0.01,0.45,0.64,0.54,0.59,0.52,0.03,0.38,0.33,0.22,0.19
1993,10,0.2,0.78,0.14,0.46,0.24,0.77,0.5,0.62,0.4,0.17,0.21,1.0,0.4,0.73,0.22,0.25,0.26,0.47,0.29,0.36,0.24,0.28,0.32,0.22,0.27,0.29,0.16,0.35,0.5,0.55,0.16,0.47,0.58,0.53,0.2,0.6,0.24,0.49,0.5,0.6,0.57,0.86,0.61,0.59,0.64,0.6,0.35,0.35,0.11,0.43,0.2,0.43,0.52,0.58,0.65,0.68,0.73,0.73,0.75,0.35,0.77,0.84,0.83,0.84,0.78,0.89,0.46,0.76,0.55,0.0,0.12,0.8,0.49,0.1,0.16,0.71,0.32,0.21,0.35,0.35,0.32,0.54,0.53,0.61,0.54,0.69,0.73,0.21,0.08,0.08,0.68,0.5,0.34,0.35,0.68,0.11,0.3,0.05,1.0,0.48
